id,customer_id,tenant_id,conversion_type,conversion_value,currency,conversion_path,touchpoints_count,first_touch_channel,last_touch_channel,attribution_last_click,attribution_first_click,attribution_linear,attribution_time_decay,order_id,product_ids,campaign_id,converted_at
1,e23b60a3-db63-494b-ade7-e51cf1875aaa,226,purchase,1520.65,BRL,"[{""channel"": ""google"", ""timestamp"": ""2024-01-01""}, {""channel"": ""email"", ""timestamp"": ""2024-01-05""}, {""channel"": ""website"", ""timestamp"": ""2024-01-07""}]",9,instagram,whatsapp,"{""email"": 1.0}","{""google"": 1.0}","{""google"": 0.33, ""email"": 0.33, ""website"": 0.34}","{""google"": 0.2, ""email"": 0.3, ""website"": 0.5}",ORD_97877,"[20, 72]",,2025-11-15 13:50:49.178940
2,e23b60a3-db63-494b-ade7-e51cf1875aaa,226,purchase,1885.57,BRL,"[{""channel"": ""google"", ""timestamp"": ""2024-01-01""}, {""channel"": ""email"", ""timestamp"": ""2024-01-05""}, {""channel"": ""website"", ""timestamp"": ""2024-01-07""}]",6,direct,website,"{""email"": 1.0}","{""google"": 1.0}","{""google"": 0.33, ""email"": 0.33, ""website"": 0.34}","{""google"": 0.2, ""email"": 0.3, ""website"": 0.5}",ORD_97984,[69],,2025-11-21 13:50:49.178978
3,e23b60a3-db63-494b-ade7-e51cf1875aaa,226,lead,1197.25,BRL,"[{""channel"": ""google"", ""timestamp"": ""2024-01-01""}, {""channel"": ""email"", ""timestamp"": ""2024-01-05""}, {""channel"": ""website"", ""timestamp"": ""2024-01-07""}]",9,facebook,website,"{""email"": 1.0}","{""google"": 1.0}","{""google"": 0.33, ""email"": 0.33, ""website"": 0.34}","{""google"": 0.2, ""email"": 0.3, ""website"": 0.5}",ORD_98325,"[55, 71]",,2025-11-14 13:50:49.179003
4,e23b60a3-db63-494b-ade7-e51cf1875aaa,226,purchase,1627.98,BRL,"[{""channel"": ""google"", ""timestamp"": ""2024-01-01""}, {""channel"": ""email"", ""timestamp"": ""2024-01-05""}, {""channel"": ""website"", ""timestamp"": ""2024-01-07""}]",7,facebook,email,"{""email"": 1.0}","{""google"": 1.0}","{""google"": 0.33, ""email"": 0.33, ""website"": 0.34}","{""google"": 0.2, ""email"": 0.3, ""website"": 0.5}",ORD_52373,"[31, 37]",,2025-10-19 13:50:49.179022
5,80d9e10b-bc2f-4e6a-ac30-b833c9e8c1fa,226,purchase,1720.86,BRL,"[{""channel"": ""google"", ""timestamp"": ""2024-01-01""}, {""channel"": ""email"", ""timestamp"": ""2024-01-05""}, {""channel"": ""website"", ""timestamp"": ""2024-01-07""}]",6,facebook,website,"{""email"": 1.0}","{""google"": 1.0}","{""google"": 0.33, ""email"": 0.33, ""website"": 0.34}","{""google"": 0.2, ""email"": 0.3, ""website"": 0.5}",ORD_83231,"[42, 2]",6.0,2025-11-16 13:50:49.179044
6,80d9e10b-bc2f-4e6a-ac30-b833c9e8c1fa,226,purchase,115.79,BRL,"[{""channel"": ""google"", ""timestamp"": ""2024-01-01""}, {""channel"": ""email"", ""timestamp"": ""2024-01-05""}, {""channel"": ""website"", ""timestamp"": ""2024-01-07""}]",6,facebook,email,"{""email"": 1.0}","{""google"": 1.0}","{""google"": 0.33, ""email"": 0.33, ""website"": 0.34}","{""google"": 0.2, ""email"": 0.3, ""website"": 0.5}",ORD_14025,"[100, 63]",,2025-10-31 13:50:49.179064
7,80d9e10b-bc2f-4e6a-ac30-b833c9e8c1fa,226,signup,1898.56,BRL,"[{""channel"": ""google"", ""timestamp"": ""2024-01-01""}, {""channel"": ""email"", ""timestamp"": ""2024-01-05""}, {""channel"": ""website"", ""timestamp"": ""2024-01-07""}]",9,instagram,whatsapp,"{""email"": 1.0}","{""google"": 1.0}","{""google"": 0.33, ""email"": 0.33, ""website"": 0.34}","{""google"": 0.2, ""email"": 0.3, ""website"": 0.5}",ORD_68322,[17],7.0,2025-10-22 13:50:49.179085
8,80d9e10b-bc2f-4e6a-ac30-b833c9e8c1fa,226,purchase,595.82,BRL,"[{""channel"": ""google"", ""timestamp"": ""2024-01-01""}, {""channel"": ""email"", ""timestamp"": ""2024-01-05""}, {""channel"": ""website"", ""timestamp"": ""2024-01-07""}]",4,instagram,email,"{""email"": 1.0}","{""google"": 1.0}","{""google"": 0.33, ""email"": 0.33, ""website"": 0.34}","{""google"": 0.2, ""email"": 0.3, ""website"": 0.5}",ORD_42439,"[35, 29]",,2025-11-25 13:50:49.179124
9,55f4ddcd-ab62-4e03-bd50-2b2c0053dbf7,226,signup,1986.74,BRL,"[{""channel"": ""google"", ""timestamp"": ""2024-01-01""}, {""channel"": ""email"", ""timestamp"": ""2024-01-05""}, {""channel"": ""website"", ""timestamp"": ""2024-01-07""}]",9,google,website,"{""email"": 1.0}","{""google"": 1.0}","{""google"": 0.33, ""email"": 0.33, ""website"": 0.34}","{""google"": 0.2, ""email"": 0.3, ""website"": 0.5}",ORD_57836,"[66, 64, 26, 34, 41]",,2025-11-11 13:50:49.179148
10,55f4ddcd-ab62-4e03-bd50-2b2c0053dbf7,226,lead,370.36,BRL,"[{""channel"": ""google"", ""timestamp"": ""2024-01-01""}, {""channel"": ""email"", ""timestamp"": ""2024-01-05""}, {""channel"": ""website"", ""timestamp"": ""2024-01-07""}]",4,google,whatsapp,"{""email"": 1.0}","{""google"": 1.0}","{""google"": 0.33, ""email"": 0.33, ""website"": 0.34}","{""google"": 0.2, ""email"": 0.3, ""website"": 0.5}",ORD_36340,[62],5.0,2025-10-27 13:50:49.179174
11,55f4ddcd-ab62-4e03-bd50-2b2c0053dbf7,226,signup,1800.34,BRL,"[{""channel"": ""google"", ""timestamp"": ""2024-01-01""}, {""channel"": ""email"", ""timestamp"": ""2024-01-05""}, {""channel"": ""website"", ""timestamp"": ""2024-01-07""}]",7,direct,whatsapp,"{""email"": 1.0}","{""google"": 1.0}","{""google"": 0.33, ""email"": 0.33, ""website"": 0.34}","{""google"": 0.2, ""email"": 0.3, ""website"": 0.5}",ORD_29565,"[35, 81, 40, 98]",8.0,2025-10-17 13:50:49.179194
12,55f4ddcd-ab62-4e03-bd50-2b2c0053dbf7,226,lead,1710.5,BRL,"[{""channel"": ""google"", ""timestamp"": ""2024-01-01""}, {""channel"": ""email"", ""timestamp"": ""2024-01-05""}, {""channel"": ""website"", ""timestamp"": ""2024-01-07""}]",10,instagram,whatsapp,"{""email"": 1.0}","{""google"": 1.0}","{""google"": 0.33, ""email"": 0.33, ""website"": 0.34}","{""google"": 0.2, ""email"": 0.3, ""website"": 0.5}",ORD_56276,"[64, 18, 95, 53]",7.0,2025-11-04 13:50:49.179214
13,55f4ddcd-ab62-4e03-bd50-2b2c0053dbf7,226,purchase,1666.37,BRL,"[{""channel"": ""google"", ""timestamp"": ""2024-01-01""}, {""channel"": ""email"", ""timestamp"": ""2024-01-05""}, {""channel"": ""website"", ""timestamp"": ""2024-01-07""}]",3,instagram,email,"{""email"": 1.0}","{""google"": 1.0}","{""google"": 0.33, ""email"": 0.33, ""website"": 0.34}","{""google"": 0.2, ""email"": 0.3, ""website"": 0.5}",ORD_42543,"[33, 73, 96, 87]",,2025-11-08 13:50:49.179233
14,1526aef5-28ac-41b2-bc83-2f5d131804d8,226,purchase,288.19,BRL,"[{""channel"": ""google"", ""timestamp"": ""2024-01-01""}, {""channel"": ""email"", ""timestamp"": ""2024-01-05""}, {""channel"": ""website"", ""timestamp"": ""2024-01-07""}]",6,google,email,"{""email"": 1.0}","{""google"": 1.0}","{""google"": 0.33, ""email"": 0.33, ""website"": 0.34}","{""google"": 0.2, ""email"": 0.3, ""website"": 0.5}",ORD_19138,"[81, 91, 63, 59, 70]",,2025-11-20 13:50:49.179253
15,1526aef5-28ac-41b2-bc83-2f5d131804d8,226,lead,912.6,BRL,"[{""channel"": ""google"", ""timestamp"": ""2024-01-01""}, {""channel"": ""email"", ""timestamp"": ""2024-01-05""}, {""channel"": ""website"", ""timestamp"": ""2024-01-07""}]",9,google,email,"{""email"": 1.0}","{""google"": 1.0}","{""google"": 0.33, ""email"": 0.33, ""website"": 0.34}","{""google"": 0.2, ""email"": 0.3, ""website"": 0.5}",ORD_67714,"[64, 48]",7.0,2025-11-19 13:50:49.179274
16,1526aef5-28ac-41b2-bc83-2f5d131804d8,226,signup,1721.84,BRL,"[{""channel"": ""google"", ""timestamp"": ""2024-01-01""}, {""channel"": ""email"", ""timestamp"": ""2024-01-05""}, {""channel"": ""website"", ""timestamp"": ""2024-01-07""}]",4,instagram,website,"{""email"": 1.0}","{""google"": 1.0}","{""google"": 0.33, ""email"": 0.33, ""website"": 0.34}","{""google"": 0.2, ""email"": 0.3, ""website"": 0.5}",ORD_96518,[36],7.0,2025-12-08 13:50:49.179293
17,1526aef5-28ac-41b2-bc83-2f5d131804d8,226,signup,1759.88,BRL,"[{""channel"": ""google"", ""timestamp"": ""2024-01-01""}, {""channel"": ""email"", ""timestamp"": ""2024-01-05""}, {""channel"": ""website"", ""timestamp"": ""2024-01-07""}]",8,instagram,email,"{""email"": 1.0}","{""google"": 1.0}","{""google"": 0.33, ""email"": 0.33, ""website"": 0.34}","{""google"": 0.2, ""email"": 0.3, ""website"": 0.5}",ORD_44570,"[16, 47, 37, 78, 56]",,2025-11-25 13:50:49.179313
18,1526aef5-28ac-41b2-bc83-2f5d131804d8,226,lead,1501.57,BRL,"[{""channel"": ""google"", ""timestamp"": ""2024-01-01""}, {""channel"": ""email"", ""timestamp"": ""2024-01-05""}, {""channel"": ""website"", ""timestamp"": ""2024-01-07""}]",9,direct,whatsapp,"{""email"": 1.0}","{""google"": 1.0}","{""google"": 0.33, ""email"": 0.33, ""website"": 0.34}","{""google"": 0.2, ""email"": 0.3, ""website"": 0.5}",ORD_61765,"[18, 51, 69, 74, 93]",6.0,2025-10-12 13:50:49.179338
19,7adea4f4-fc19-415a-a11a-109abbb05b85,226,lead,427.37,BRL,"[{""channel"": ""google"", ""timestamp"": ""2024-01-01""}, {""channel"": ""email"", ""timestamp"": ""2024-01-05""}, {""channel"": ""website"", ""timestamp"": ""2024-01-07""}]",5,direct,email,"{""email"": 1.0}","{""google"": 1.0}","{""google"": 0.33, ""email"": 0.33, ""website"": 0.34}","{""google"": 0.2, ""email"": 0.3, ""website"": 0.5}",ORD_40492,"[9, 31, 39, 32]",7.0,2025-11-26 13:50:49.179358
20,7adea4f4-fc19-415a-a11a-109abbb05b85,226,signup,1717.16,BRL,"[{""channel"": ""google"", ""timestamp"": ""2024-01-01""}, {""channel"": ""email"", ""timestamp"": ""2024-01-05""}, {""channel"": ""website"", ""timestamp"": ""2024-01-07""}]",9,instagram,website,"{""email"": 1.0}","{""google"": 1.0}","{""google"": 0.33, ""email"": 0.33, ""website"": 0.34}","{""google"": 0.2, ""email"": 0.3, ""website"": 0.5}",ORD_35236,[50],8.0,2025-12-06 13:50:49.179381
21,5ec0340a-b744-4278-9362-a20cd3c598fc,226,signup,1524.14,BRL,"[{""channel"": ""google"", ""timestamp"": ""2024-01-01""}, {""channel"": ""email"", ""timestamp"": ""2024-01-05""}, {""channel"": ""website"", ""timestamp"": ""2024-01-07""}]",8,facebook,website,"{""email"": 1.0}","{""google"": 1.0}","{""google"": 0.33, ""email"": 0.33, ""website"": 0.34}","{""google"": 0.2, ""email"": 0.3, ""website"": 0.5}",ORD_54449,"[87, 12, 13, 42, 45]",,2025-12-06 13:50:49.179429
22,5ec0340a-b744-4278-9362-a20cd3c598fc,226,lead,915.56,BRL,"[{""channel"": ""google"", ""timestamp"": ""2024-01-01""}, {""channel"": ""email"", ""timestamp"": ""2024-01-05""}, {""channel"": ""website"", ""timestamp"": ""2024-01-07""}]",6,google,email,"{""email"": 1.0}","{""google"": 1.0}","{""google"": 0.33, ""email"": 0.33, ""website"": 0.34}","{""google"": 0.2, ""email"": 0.3, ""website"": 0.5}",ORD_74282,"[83, 55, 41, 36]",1.0,2025-11-18 13:50:49.179454
23,5ec0340a-b744-4278-9362-a20cd3c598fc,226,lead,451.83,BRL,"[{""channel"": ""google"", ""timestamp"": ""2024-01-01""}, {""channel"": ""email"", ""timestamp"": ""2024-01-05""}, {""channel"": ""website"", ""timestamp"": ""2024-01-07""}]",4,instagram,whatsapp,"{""email"": 1.0}","{""google"": 1.0}","{""google"": 0.33, ""email"": 0.33, ""website"": 0.34}","{""google"": 0.2, ""email"": 0.3, ""website"": 0.5}",ORD_42801,"[36, 30, 10]",9.0,2025-12-05 13:50:49.179475
24,5ec0340a-b744-4278-9362-a20cd3c598fc,226,signup,1899.11,BRL,"[{""channel"": ""google"", ""timestamp"": ""2024-01-01""}, {""channel"": ""email"", ""timestamp"": ""2024-01-05""}, {""channel"": ""website"", ""timestamp"": ""2024-01-07""}]",4,facebook,whatsapp,"{""email"": 1.0}","{""google"": 1.0}","{""google"": 0.33, ""email"": 0.33, ""website"": 0.34}","{""google"": 0.2, ""email"": 0.3, ""website"": 0.5}",ORD_45167,"[97, 28, 68, 40, 18]",5.0,2025-10-11 13:50:49.179497
25,a7266949-e60f-4e87-98b3-c0debd91593a,226,signup,1718.22,BRL,"[{""channel"": ""google"", ""timestamp"": ""2024-01-01""}, {""channel"": ""email"", ""timestamp"": ""2024-01-05""}, {""channel"": ""website"", ""timestamp"": ""2024-01-07""}]",5,direct,email,"{""email"": 1.0}","{""google"": 1.0}","{""google"": 0.33, ""email"": 0.33, ""website"": 0.34}","{""google"": 0.2, ""email"": 0.3, ""website"": 0.5}",ORD_21253,[60],4.0,2025-11-16 13:50:49.179517
26,a7266949-e60f-4e87-98b3-c0debd91593a,226,signup,1706.88,BRL,"[{""channel"": ""google"", ""timestamp"": ""2024-01-01""}, {""channel"": ""email"", ""timestamp"": ""2024-01-05""}, {""channel"": ""website"", ""timestamp"": ""2024-01-07""}]",9,direct,email,"{""email"": 1.0}","{""google"": 1.0}","{""google"": 0.33, ""email"": 0.33, ""website"": 0.34}","{""google"": 0.2, ""email"": 0.3, ""website"": 0.5}",ORD_43654,[79],,2025-11-02 13:50:49.179535
27,a7266949-e60f-4e87-98b3-c0debd91593a,226,lead,1279.14,BRL,"[{""channel"": ""google"", ""timestamp"": ""2024-01-01""}, {""channel"": ""email"", ""timestamp"": ""2024-01-05""}, {""channel"": ""website"", ""timestamp"": ""2024-01-07""}]",3,instagram,whatsapp,"{""email"": 1.0}","{""google"": 1.0}","{""google"": 0.33, ""email"": 0.33, ""website"": 0.34}","{""google"": 0.2, ""email"": 0.3, ""website"": 0.5}",ORD_36554,"[77, 40, 100]",,2025-12-05 13:50:49.179555
28,a7266949-e60f-4e87-98b3-c0debd91593a,226,purchase,1343.23,BRL,"[{""channel"": ""google"", ""timestamp"": ""2024-01-01""}, {""channel"": ""email"", ""timestamp"": ""2024-01-05""}, {""channel"": ""website"", ""timestamp"": ""2024-01-07""}]",8,instagram,website,"{""email"": 1.0}","{""google"": 1.0}","{""google"": 0.33, ""email"": 0.33, ""website"": 0.34}","{""google"": 0.2, ""email"": 0.3, ""website"": 0.5}",ORD_65517,"[43, 48]",,2025-11-28 13:50:49.179574
29,55667ff3-9902-4372-967e-368e5d5cb29a,226,lead,453.58,BRL,"[{""channel"": ""google"", ""timestamp"": ""2024-01-01""}, {""channel"": ""email"", ""timestamp"": ""2024-01-05""}, {""channel"": ""website"", ""timestamp"": ""2024-01-07""}]",4,direct,whatsapp,"{""email"": 1.0}","{""google"": 1.0}","{""google"": 0.33, ""email"": 0.33, ""website"": 0.34}","{""google"": 0.2, ""email"": 0.3, ""website"": 0.5}",ORD_91135,"[66, 87, 44, 79]",,2025-10-28 13:50:49.179599
30,55667ff3-9902-4372-967e-368e5d5cb29a,226,lead,483.08,BRL,"[{""channel"": ""google"", ""timestamp"": ""2024-01-01""}, {""channel"": ""email"", ""timestamp"": ""2024-01-05""}, {""channel"": ""website"", ""timestamp"": ""2024-01-07""}]",3,direct,whatsapp,"{""email"": 1.0}","{""google"": 1.0}","{""google"": 0.33, ""email"": 0.33, ""website"": 0.34}","{""google"": 0.2, ""email"": 0.3, ""website"": 0.5}",ORD_65001,"[17, 62, 5, 21]",7.0,2025-10-25 13:50:49.179619
31,55667ff3-9902-4372-967e-368e5d5cb29a,226,signup,163.71,BRL,"[{""channel"": ""google"", ""timestamp"": ""2024-01-01""}, {""channel"": ""email"", ""timestamp"": ""2024-01-05""}, {""channel"": ""website"", ""timestamp"": ""2024-01-07""}]",5,facebook,email,"{""email"": 1.0}","{""google"": 1.0}","{""google"": 0.33, ""email"": 0.33, ""website"": 0.34}","{""google"": 0.2, ""email"": 0.3, ""website"": 0.5}",ORD_80591,[42],,2025-12-02 13:50:49.179643
32,55667ff3-9902-4372-967e-368e5d5cb29a,226,purchase,1609.09,BRL,"[{""channel"": ""google"", ""timestamp"": ""2024-01-01""}, {""channel"": ""email"", ""timestamp"": ""2024-01-05""}, {""channel"": ""website"", ""timestamp"": ""2024-01-07""}]",7,instagram,email,"{""email"": 1.0}","{""google"": 1.0}","{""google"": 0.33, ""email"": 0.33, ""website"": 0.34}","{""google"": 0.2, ""email"": 0.3, ""website"": 0.5}",ORD_66420,"[6, 5]",9.0,2025-10-12 13:50:49.179670
33,2ddfa179-95c5-425f-8576-3f82c26f5e2b,226,signup,1242.03,BRL,"[{""channel"": ""google"", ""timestamp"": ""2024-01-01""}, {""channel"": ""email"", ""timestamp"": ""2024-01-05""}, {""channel"": ""website"", ""timestamp"": ""2024-01-07""}]",4,facebook,email,"{""email"": 1.0}","{""google"": 1.0}","{""google"": 0.33, ""email"": 0.33, ""website"": 0.34}","{""google"": 0.2, ""email"": 0.3, ""website"": 0.5}",ORD_71621,"[1, 82, 38]",,2025-11-09 13:50:49.179699
34,2ddfa179-95c5-425f-8576-3f82c26f5e2b,226,purchase,478.68,BRL,"[{""channel"": ""google"", ""timestamp"": ""2024-01-01""}, {""channel"": ""email"", ""timestamp"": ""2024-01-05""}, {""channel"": ""website"", ""timestamp"": ""2024-01-07""}]",4,direct,email,"{""email"": 1.0}","{""google"": 1.0}","{""google"": 0.33, ""email"": 0.33, ""website"": 0.34}","{""google"": 0.2, ""email"": 0.3, ""website"": 0.5}",ORD_26181,"[60, 14, 47]",10.0,2025-11-30 13:50:49.179727
35,59915c15-8556-405c-bb1e-6d836ee88c3f,226,purchase,926.55,BRL,"[{""channel"": ""google"", ""timestamp"": ""2024-01-01""}, {""channel"": ""email"", ""timestamp"": ""2024-01-05""}, {""channel"": ""website"", ""timestamp"": ""2024-01-07""}]",3,google,email,"{""email"": 1.0}","{""google"": 1.0}","{""google"": 0.33, ""email"": 0.33, ""website"": 0.34}","{""google"": 0.2, ""email"": 0.3, ""website"": 0.5}",ORD_33973,"[64, 26]",6.0,2025-11-09 13:50:49.179747
36,59915c15-8556-405c-bb1e-6d836ee88c3f,226,purchase,1117.1,BRL,"[{""channel"": ""google"", ""timestamp"": ""2024-01-01""}, {""channel"": ""email"", ""timestamp"": ""2024-01-05""}, {""channel"": ""website"", ""timestamp"": ""2024-01-07""}]",5,google,email,"{""email"": 1.0}","{""google"": 1.0}","{""google"": 0.33, ""email"": 0.33, ""website"": 0.34}","{""google"": 0.2, ""email"": 0.3, ""website"": 0.5}",ORD_33426,"[78, 91, 14, 24, 40]",,2025-11-24 13:50:49.179767
37,59915c15-8556-405c-bb1e-6d836ee88c3f,226,lead,1251.96,BRL,"[{""channel"": ""google"", ""timestamp"": ""2024-01-01""}, {""channel"": ""email"", ""timestamp"": ""2024-01-05""}, {""channel"": ""website"", ""timestamp"": ""2024-01-07""}]",8,direct,website,"{""email"": 1.0}","{""google"": 1.0}","{""google"": 0.33, ""email"": 0.33, ""website"": 0.34}","{""google"": 0.2, ""email"": 0.3, ""website"": 0.5}",ORD_37308,"[67, 21, 30, 64]",2.0,2025-10-22 13:50:49.179797
38,59915c15-8556-405c-bb1e-6d836ee88c3f,226,lead,831.77,BRL,"[{""channel"": ""google"", ""timestamp"": ""2024-01-01""}, {""channel"": ""email"", ""timestamp"": ""2024-01-05""}, {""channel"": ""website"", ""timestamp"": ""2024-01-07""}]",4,direct,email,"{""email"": 1.0}","{""google"": 1.0}","{""google"": 0.33, ""email"": 0.33, ""website"": 0.34}","{""google"": 0.2, ""email"": 0.3, ""website"": 0.5}",ORD_92705,[12],,2025-10-29 13:50:49.179815
39,367ded8c-91a1-4135-aba5-2d71fcf5b950,226,signup,1020.68,BRL,"[{""channel"": ""google"", ""timestamp"": ""2024-01-01""}, {""channel"": ""email"", ""timestamp"": ""2024-01-05""}, {""channel"": ""website"", ""timestamp"": ""2024-01-07""}]",6,google,whatsapp,"{""email"": 1.0}","{""google"": 1.0}","{""google"": 0.33, ""email"": 0.33, ""website"": 0.34}","{""google"": 0.2, ""email"": 0.3, ""website"": 0.5}",ORD_53169,"[91, 98, 65, 9, 93]",5.0,2025-11-12 13:50:49.179836
40,367ded8c-91a1-4135-aba5-2d71fcf5b950,226,signup,515.29,BRL,"[{""channel"": ""google"", ""timestamp"": ""2024-01-01""}, {""channel"": ""email"", ""timestamp"": ""2024-01-05""}, {""channel"": ""website"", ""timestamp"": ""2024-01-07""}]",4,google,website,"{""email"": 1.0}","{""google"": 1.0}","{""google"": 0.33, ""email"": 0.33, ""website"": 0.34}","{""google"": 0.2, ""email"": 0.3, ""website"": 0.5}",ORD_18940,"[50, 94, 61, 14]",5.0,2025-10-10 13:50:49.179854
41,367ded8c-91a1-4135-aba5-2d71fcf5b950,226,purchase,1572.12,BRL,"[{""channel"": ""google"", ""timestamp"": ""2024-01-01""}, {""channel"": ""email"", ""timestamp"": ""2024-01-05""}, {""channel"": ""website"", ""timestamp"": ""2024-01-07""}]",6,direct,whatsapp,"{""email"": 1.0}","{""google"": 1.0}","{""google"": 0.33, ""email"": 0.33, ""website"": 0.34}","{""google"": 0.2, ""email"": 0.3, ""website"": 0.5}",ORD_17472,"[23, 37, 57, 2]",,2025-10-19 13:50:49.179873
42,367ded8c-91a1-4135-aba5-2d71fcf5b950,226,signup,1508.64,BRL,"[{""channel"": ""google"", ""timestamp"": ""2024-01-01""}, {""channel"": ""email"", ""timestamp"": ""2024-01-05""}, {""channel"": ""website"", ""timestamp"": ""2024-01-07""}]",4,google,email,"{""email"": 1.0}","{""google"": 1.0}","{""google"": 0.33, ""email"": 0.33, ""website"": 0.34}","{""google"": 0.2, ""email"": 0.3, ""website"": 0.5}",ORD_18882,"[74, 33, 73]",7.0,2025-11-05 13:50:49.179916
43,1144bf0c-da8d-4b1b-8248-b91a4c6afefc,226,signup,757.24,BRL,"[{""channel"": ""google"", ""timestamp"": ""2024-01-01""}, {""channel"": ""email"", ""timestamp"": ""2024-01-05""}, {""channel"": ""website"", ""timestamp"": ""2024-01-07""}]",10,google,email,"{""email"": 1.0}","{""google"": 1.0}","{""google"": 0.33, ""email"": 0.33, ""website"": 0.34}","{""google"": 0.2, ""email"": 0.3, ""website"": 0.5}",ORD_46394,"[21, 48]",4.0,2025-11-14 13:50:49.179952
44,1144bf0c-da8d-4b1b-8248-b91a4c6afefc,226,lead,1325.5,BRL,"[{""channel"": ""google"", ""timestamp"": ""2024-01-01""}, {""channel"": ""email"", ""timestamp"": ""2024-01-05""}, {""channel"": ""website"", ""timestamp"": ""2024-01-07""}]",6,google,whatsapp,"{""email"": 1.0}","{""google"": 1.0}","{""google"": 0.33, ""email"": 0.33, ""website"": 0.34}","{""google"": 0.2, ""email"": 0.3, ""website"": 0.5}",ORD_36634,"[21, 10, 63, 92, 71]",,2025-12-08 13:50:49.179983
45,1144bf0c-da8d-4b1b-8248-b91a4c6afefc,226,signup,724.08,BRL,"[{""channel"": ""google"", ""timestamp"": ""2024-01-01""}, {""channel"": ""email"", ""timestamp"": ""2024-01-05""}, {""channel"": ""website"", ""timestamp"": ""2024-01-07""}]",10,direct,website,"{""email"": 1.0}","{""google"": 1.0}","{""google"": 0.33, ""email"": 0.33, ""website"": 0.34}","{""google"": 0.2, ""email"": 0.3, ""website"": 0.5}",ORD_27364,[32],,2025-11-25 13:50:49.180006
46,1144bf0c-da8d-4b1b-8248-b91a4c6afefc,226,purchase,381.21,BRL,"[{""channel"": ""google"", ""timestamp"": ""2024-01-01""}, {""channel"": ""email"", ""timestamp"": ""2024-01-05""}, {""channel"": ""website"", ""timestamp"": ""2024-01-07""}]",4,direct,whatsapp,"{""email"": 1.0}","{""google"": 1.0}","{""google"": 0.33, ""email"": 0.33, ""website"": 0.34}","{""google"": 0.2, ""email"": 0.3, ""website"": 0.5}",ORD_73881,"[25, 20]",,2025-12-04 13:50:49.180025
47,ac5b4982-2fd6-459a-bcb6-42fcd1cbd814,226,purchase,776.0,BRL,"[{""channel"": ""google"", ""timestamp"": ""2024-01-01""}, {""channel"": ""email"", ""timestamp"": ""2024-01-05""}, {""channel"": ""website"", ""timestamp"": ""2024-01-07""}]",7,instagram,whatsapp,"{""email"": 1.0}","{""google"": 1.0}","{""google"": 0.33, ""email"": 0.33, ""website"": 0.34}","{""google"": 0.2, ""email"": 0.3, ""website"": 0.5}",ORD_45859,"[91, 89, 68, 57, 98]",7.0,2025-12-03 13:50:49.180046
48,8951ec6b-1bc3-4d9c-9546-74c80a367390,226,lead,162.72,BRL,"[{""channel"": ""google"", ""timestamp"": ""2024-01-01""}, {""channel"": ""email"", ""timestamp"": ""2024-01-05""}, {""channel"": ""website"", ""timestamp"": ""2024-01-07""}]",5,google,website,"{""email"": 1.0}","{""google"": 1.0}","{""google"": 0.33, ""email"": 0.33, ""website"": 0.34}","{""google"": 0.2, ""email"": 0.3, ""website"": 0.5}",ORD_52106,"[68, 67, 20, 80]",4.0,2025-10-23 13:50:49.180067
49,8951ec6b-1bc3-4d9c-9546-74c80a367390,226,lead,1336.77,BRL,"[{""channel"": ""google"", ""timestamp"": ""2024-01-01""}, {""channel"": ""email"", ""timestamp"": ""2024-01-05""}, {""channel"": ""website"", ""timestamp"": ""2024-01-07""}]",7,facebook,whatsapp,"{""email"": 1.0}","{""google"": 1.0}","{""google"": 0.33, ""email"": 0.33, ""website"": 0.34}","{""google"": 0.2, ""email"": 0.3, ""website"": 0.5}",ORD_55743,[100],9.0,2025-11-18 13:50:49.180085
50,8951ec6b-1bc3-4d9c-9546-74c80a367390,226,signup,940.47,BRL,"[{""channel"": ""google"", ""timestamp"": ""2024-01-01""}, {""channel"": ""email"", ""timestamp"": ""2024-01-05""}, {""channel"": ""website"", ""timestamp"": ""2024-01-07""}]",10,direct,website,"{""email"": 1.0}","{""google"": 1.0}","{""google"": 0.33, ""email"": 0.33, ""website"": 0.34}","{""google"": 0.2, ""email"": 0.3, ""website"": 0.5}",ORD_71404,"[38, 15, 64]",,2025-11-04 13:50:49.180103
51,5077e927-4ea9-427e-a047-df89949a668d,226,lead,1698.75,BRL,"[{""channel"": ""google"", ""timestamp"": ""2024-01-01""}, {""channel"": ""email"", ""timestamp"": ""2024-01-05""}, {""channel"": ""website"", ""timestamp"": ""2024-01-07""}]",10,google,whatsapp,"{""email"": 1.0}","{""google"": 1.0}","{""google"": 0.33, ""email"": 0.33, ""website"": 0.34}","{""google"": 0.2, ""email"": 0.3, ""website"": 0.5}",ORD_73777,"[59, 15, 86]",,2025-10-26 13:50:49.180122
52,5077e927-4ea9-427e-a047-df89949a668d,226,purchase,1135.64,BRL,"[{""channel"": ""google"", ""timestamp"": ""2024-01-01""}, {""channel"": ""email"", ""timestamp"": ""2024-01-05""}, {""channel"": ""website"", ""timestamp"": ""2024-01-07""}]",7,instagram,whatsapp,"{""email"": 1.0}","{""google"": 1.0}","{""google"": 0.33, ""email"": 0.33, ""website"": 0.34}","{""google"": 0.2, ""email"": 0.3, ""website"": 0.5}",ORD_31222,[12],4.0,2025-11-18 13:50:49.180139
53,5077e927-4ea9-427e-a047-df89949a668d,226,lead,1904.05,BRL,"[{""channel"": ""google"", ""timestamp"": ""2024-01-01""}, {""channel"": ""email"", ""timestamp"": ""2024-01-05""}, {""channel"": ""website"", ""timestamp"": ""2024-01-07""}]",3,facebook,email,"{""email"": 1.0}","{""google"": 1.0}","{""google"": 0.33, ""email"": 0.33, ""website"": 0.34}","{""google"": 0.2, ""email"": 0.3, ""website"": 0.5}",ORD_91543,[53],3.0,2025-12-08 13:50:49.180156
54,5077e927-4ea9-427e-a047-df89949a668d,226,lead,953.39,BRL,"[{""channel"": ""google"", ""timestamp"": ""2024-01-01""}, {""channel"": ""email"", ""timestamp"": ""2024-01-05""}, {""channel"": ""website"", ""timestamp"": ""2024-01-07""}]",7,instagram,whatsapp,"{""email"": 1.0}","{""google"": 1.0}","{""google"": 0.33, ""email"": 0.33, ""website"": 0.34}","{""google"": 0.2, ""email"": 0.3, ""website"": 0.5}",ORD_26905,[48],4.0,2025-10-27 13:50:49.180174
55,5077e927-4ea9-427e-a047-df89949a668d,226,signup,692.37,BRL,"[{""channel"": ""google"", ""timestamp"": ""2024-01-01""}, {""channel"": ""email"", ""timestamp"": ""2024-01-05""}, {""channel"": ""website"", ""timestamp"": ""2024-01-07""}]",6,instagram,whatsapp,"{""email"": 1.0}","{""google"": 1.0}","{""google"": 0.33, ""email"": 0.33, ""website"": 0.34}","{""google"": 0.2, ""email"": 0.3, ""website"": 0.5}",ORD_30672,"[74, 78, 83]",7.0,2025-11-25 13:50:49.180204
56,60566ea1-f6f4-4611-90ce-4c3a7c574a24,226,signup,1978.3,BRL,"[{""channel"": ""google"", ""timestamp"": ""2024-01-01""}, {""channel"": ""email"", ""timestamp"": ""2024-01-05""}, {""channel"": ""website"", ""timestamp"": ""2024-01-07""}]",9,google,email,"{""email"": 1.0}","{""google"": 1.0}","{""google"": 0.33, ""email"": 0.33, ""website"": 0.34}","{""google"": 0.2, ""email"": 0.3, ""website"": 0.5}",ORD_35267,"[77, 59, 53, 23]",5.0,2025-11-12 13:50:49.180226
57,1dc1de97-d46d-4dd4-aff0-45a358b33607,226,lead,1888.21,BRL,"[{""channel"": ""google"", ""timestamp"": ""2024-01-01""}, {""channel"": ""email"", ""timestamp"": ""2024-01-05""}, {""channel"": ""website"", ""timestamp"": ""2024-01-07""}]",8,google,whatsapp,"{""email"": 1.0}","{""google"": 1.0}","{""google"": 0.33, ""email"": 0.33, ""website"": 0.34}","{""google"": 0.2, ""email"": 0.3, ""website"": 0.5}",ORD_30053,"[38, 45, 56]",9.0,2025-11-24 13:50:49.180253
58,1dc1de97-d46d-4dd4-aff0-45a358b33607,226,lead,1007.13,BRL,"[{""channel"": ""google"", ""timestamp"": ""2024-01-01""}, {""channel"": ""email"", ""timestamp"": ""2024-01-05""}, {""channel"": ""website"", ""timestamp"": ""2024-01-07""}]",3,direct,whatsapp,"{""email"": 1.0}","{""google"": 1.0}","{""google"": 0.33, ""email"": 0.33, ""website"": 0.34}","{""google"": 0.2, ""email"": 0.3, ""website"": 0.5}",ORD_85550,"[13, 97, 18]",,2025-11-16 13:50:49.180276
59,1dc1de97-d46d-4dd4-aff0-45a358b33607,226,lead,690.01,BRL,"[{""channel"": ""google"", ""timestamp"": ""2024-01-01""}, {""channel"": ""email"", ""timestamp"": ""2024-01-05""}, {""channel"": ""website"", ""timestamp"": ""2024-01-07""}]",7,direct,website,"{""email"": 1.0}","{""google"": 1.0}","{""google"": 0.33, ""email"": 0.33, ""website"": 0.34}","{""google"": 0.2, ""email"": 0.3, ""website"": 0.5}",ORD_17183,"[31, 93, 40, 52]",4.0,2025-10-31 13:50:49.180304
60,1dc1de97-d46d-4dd4-aff0-45a358b33607,226,lead,1194.45,BRL,"[{""channel"": ""google"", ""timestamp"": ""2024-01-01""}, {""channel"": ""email"", ""timestamp"": ""2024-01-05""}, {""channel"": ""website"", ""timestamp"": ""2024-01-07""}]",4,facebook,website,"{""email"": 1.0}","{""google"": 1.0}","{""google"": 0.33, ""email"": 0.33, ""website"": 0.34}","{""google"": 0.2, ""email"": 0.3, ""website"": 0.5}",ORD_89783,[76],,2025-11-05 13:50:49.180321
61,fcab9c62-5bc0-4ece-b641-ca42463379c4,226,signup,1220.89,BRL,"[{""channel"": ""google"", ""timestamp"": ""2024-01-01""}, {""channel"": ""email"", ""timestamp"": ""2024-01-05""}, {""channel"": ""website"", ""timestamp"": ""2024-01-07""}]",6,google,whatsapp,"{""email"": 1.0}","{""google"": 1.0}","{""google"": 0.33, ""email"": 0.33, ""website"": 0.34}","{""google"": 0.2, ""email"": 0.3, ""website"": 0.5}",ORD_37106,"[42, 96, 7, 31]",,2025-10-15 13:50:49.180341
62,fcab9c62-5bc0-4ece-b641-ca42463379c4,226,lead,647.2,BRL,"[{""channel"": ""google"", ""timestamp"": ""2024-01-01""}, {""channel"": ""email"", ""timestamp"": ""2024-01-05""}, {""channel"": ""website"", ""timestamp"": ""2024-01-07""}]",9,facebook,website,"{""email"": 1.0}","{""google"": 1.0}","{""google"": 0.33, ""email"": 0.33, ""website"": 0.34}","{""google"": 0.2, ""email"": 0.3, ""website"": 0.5}",ORD_55418,"[65, 92]",7.0,2025-11-17 13:50:49.180358
63,a44bf349-d1c1-46d1-9423-2e794054f14d,226,purchase,1087.62,BRL,"[{""channel"": ""google"", ""timestamp"": ""2024-01-01""}, {""channel"": ""email"", ""timestamp"": ""2024-01-05""}, {""channel"": ""website"", ""timestamp"": ""2024-01-07""}]",10,facebook,whatsapp,"{""email"": 1.0}","{""google"": 1.0}","{""google"": 0.33, ""email"": 0.33, ""website"": 0.34}","{""google"": 0.2, ""email"": 0.3, ""website"": 0.5}",ORD_55029,"[59, 55, 84]",4.0,2025-11-04 13:50:49.180390
64,a44bf349-d1c1-46d1-9423-2e794054f14d,226,lead,522.04,BRL,"[{""channel"": ""google"", ""timestamp"": ""2024-01-01""}, {""channel"": ""email"", ""timestamp"": ""2024-01-05""}, {""channel"": ""website"", ""timestamp"": ""2024-01-07""}]",3,instagram,whatsapp,"{""email"": 1.0}","{""google"": 1.0}","{""google"": 0.33, ""email"": 0.33, ""website"": 0.34}","{""google"": 0.2, ""email"": 0.3, ""website"": 0.5}",ORD_61763,"[82, 45, 25, 32]",,2025-10-24 13:50:49.180423
65,a44bf349-d1c1-46d1-9423-2e794054f14d,226,purchase,1211.42,BRL,"[{""channel"": ""google"", ""timestamp"": ""2024-01-01""}, {""channel"": ""email"", ""timestamp"": ""2024-01-05""}, {""channel"": ""website"", ""timestamp"": ""2024-01-07""}]",5,instagram,email,"{""email"": 1.0}","{""google"": 1.0}","{""google"": 0.33, ""email"": 0.33, ""website"": 0.34}","{""google"": 0.2, ""email"": 0.3, ""website"": 0.5}",ORD_95264,"[6, 72]",,2025-12-03 13:50:49.180442
66,8b9cb984-f7a6-4092-966b-452543f53453,226,signup,270.52,BRL,"[{""channel"": ""google"", ""timestamp"": ""2024-01-01""}, {""channel"": ""email"", ""timestamp"": ""2024-01-05""}, {""channel"": ""website"", ""timestamp"": ""2024-01-07""}]",6,direct,whatsapp,"{""email"": 1.0}","{""google"": 1.0}","{""google"": 0.33, ""email"": 0.33, ""website"": 0.34}","{""google"": 0.2, ""email"": 0.3, ""website"": 0.5}",ORD_23497,"[69, 76, 79, 74, 1]",6.0,2025-12-04 13:50:49.180469
67,8b9cb984-f7a6-4092-966b-452543f53453,226,purchase,360.59,BRL,"[{""channel"": ""google"", ""timestamp"": ""2024-01-01""}, {""channel"": ""email"", ""timestamp"": ""2024-01-05""}, {""channel"": ""website"", ""timestamp"": ""2024-01-07""}]",4,instagram,email,"{""email"": 1.0}","{""google"": 1.0}","{""google"": 0.33, ""email"": 0.33, ""website"": 0.34}","{""google"": 0.2, ""email"": 0.3, ""website"": 0.5}",ORD_66231,"[77, 4, 65, 90]",6.0,2025-10-11 13:50:49.180489
68,0ec502de-fdc6-4364-936c-fbccebb8ca44,226,signup,1509.66,BRL,"[{""channel"": ""google"", ""timestamp"": ""2024-01-01""}, {""channel"": ""email"", ""timestamp"": ""2024-01-05""}, {""channel"": ""website"", ""timestamp"": ""2024-01-07""}]",3,instagram,website,"{""email"": 1.0}","{""google"": 1.0}","{""google"": 0.33, ""email"": 0.33, ""website"": 0.34}","{""google"": 0.2, ""email"": 0.3, ""website"": 0.5}",ORD_73697,"[89, 63]",2.0,2025-11-28 13:50:49.180508
69,0ec502de-fdc6-4364-936c-fbccebb8ca44,226,purchase,571.08,BRL,"[{""channel"": ""google"", ""timestamp"": ""2024-01-01""}, {""channel"": ""email"", ""timestamp"": ""2024-01-05""}, {""channel"": ""website"", ""timestamp"": ""2024-01-07""}]",3,facebook,website,"{""email"": 1.0}","{""google"": 1.0}","{""google"": 0.33, ""email"": 0.33, ""website"": 0.34}","{""google"": 0.2, ""email"": 0.3, ""website"": 0.5}",ORD_89649,"[32, 97, 53, 82]",1.0,2025-11-21 13:50:49.180527
70,0ec502de-fdc6-4364-936c-fbccebb8ca44,226,purchase,1641.23,BRL,"[{""channel"": ""google"", ""timestamp"": ""2024-01-01""}, {""channel"": ""email"", ""timestamp"": ""2024-01-05""}, {""channel"": ""website"", ""timestamp"": ""2024-01-07""}]",7,google,whatsapp,"{""email"": 1.0}","{""google"": 1.0}","{""google"": 0.33, ""email"": 0.33, ""website"": 0.34}","{""google"": 0.2, ""email"": 0.3, ""website"": 0.5}",ORD_67315,"[43, 86, 46, 28]",4.0,2025-10-29 13:50:49.180547
71,93d8df7b-911a-4a24-ab62-4e6028ecd0d7,226,purchase,1517.88,BRL,"[{""channel"": ""google"", ""timestamp"": ""2024-01-01""}, {""channel"": ""email"", ""timestamp"": ""2024-01-05""}, {""channel"": ""website"", ""timestamp"": ""2024-01-07""}]",6,direct,email,"{""email"": 1.0}","{""google"": 1.0}","{""google"": 0.33, ""email"": 0.33, ""website"": 0.34}","{""google"": 0.2, ""email"": 0.3, ""website"": 0.5}",ORD_82119,"[56, 55, 21]",,2025-10-27 13:50:49.180566
72,93d8df7b-911a-4a24-ab62-4e6028ecd0d7,226,signup,1035.88,BRL,"[{""channel"": ""google"", ""timestamp"": ""2024-01-01""}, {""channel"": ""email"", ""timestamp"": ""2024-01-05""}, {""channel"": ""website"", ""timestamp"": ""2024-01-07""}]",4,facebook,email,"{""email"": 1.0}","{""google"": 1.0}","{""google"": 0.33, ""email"": 0.33, ""website"": 0.34}","{""google"": 0.2, ""email"": 0.3, ""website"": 0.5}",ORD_46801,"[50, 84, 27, 23]",,2025-11-16 13:50:49.180583
73,79015ff4-e2d7-4b12-8d25-bf7381d13b80,226,lead,1226.92,BRL,"[{""channel"": ""google"", ""timestamp"": ""2024-01-01""}, {""channel"": ""email"", ""timestamp"": ""2024-01-05""}, {""channel"": ""website"", ""timestamp"": ""2024-01-07""}]",9,instagram,email,"{""email"": 1.0}","{""google"": 1.0}","{""google"": 0.33, ""email"": 0.33, ""website"": 0.34}","{""google"": 0.2, ""email"": 0.3, ""website"": 0.5}",ORD_77874,[69],4.0,2025-12-01 13:50:49.180602
74,ae129e04-36b4-4a7a-ba45-6079d3781943,226,signup,1237.39,BRL,"[{""channel"": ""google"", ""timestamp"": ""2024-01-01""}, {""channel"": ""email"", ""timestamp"": ""2024-01-05""}, {""channel"": ""website"", ""timestamp"": ""2024-01-07""}]",5,instagram,website,"{""email"": 1.0}","{""google"": 1.0}","{""google"": 0.33, ""email"": 0.33, ""website"": 0.34}","{""google"": 0.2, ""email"": 0.3, ""website"": 0.5}",ORD_39272,"[31, 72]",,2025-10-17 13:50:49.180620
75,ae129e04-36b4-4a7a-ba45-6079d3781943,226,lead,1637.71,BRL,"[{""channel"": ""google"", ""timestamp"": ""2024-01-01""}, {""channel"": ""email"", ""timestamp"": ""2024-01-05""}, {""channel"": ""website"", ""timestamp"": ""2024-01-07""}]",3,facebook,whatsapp,"{""email"": 1.0}","{""google"": 1.0}","{""google"": 0.33, ""email"": 0.33, ""website"": 0.34}","{""google"": 0.2, ""email"": 0.3, ""website"": 0.5}",ORD_51083,"[94, 77, 7, 28]",,2025-11-08 13:50:49.180644
76,ae129e04-36b4-4a7a-ba45-6079d3781943,226,signup,531.65,BRL,"[{""channel"": ""google"", ""timestamp"": ""2024-01-01""}, {""channel"": ""email"", ""timestamp"": ""2024-01-05""}, {""channel"": ""website"", ""timestamp"": ""2024-01-07""}]",5,google,email,"{""email"": 1.0}","{""google"": 1.0}","{""google"": 0.33, ""email"": 0.33, ""website"": 0.34}","{""google"": 0.2, ""email"": 0.3, ""website"": 0.5}",ORD_75861,"[36, 13]",,2025-11-17 13:50:49.180671
77,ae129e04-36b4-4a7a-ba45-6079d3781943,226,lead,1803.27,BRL,"[{""channel"": ""google"", ""timestamp"": ""2024-01-01""}, {""channel"": ""email"", ""timestamp"": ""2024-01-05""}, {""channel"": ""website"", ""timestamp"": ""2024-01-07""}]",5,google,email,"{""email"": 1.0}","{""google"": 1.0}","{""google"": 0.33, ""email"": 0.33, ""website"": 0.34}","{""google"": 0.2, ""email"": 0.3, ""website"": 0.5}",ORD_74426,"[95, 2, 81, 73, 56]",4.0,2025-11-24 13:50:49.180700
78,fc6cd42e-7196-4bd7-8b2e-82122a257c1d,226,lead,1550.6,BRL,"[{""channel"": ""google"", ""timestamp"": ""2024-01-01""}, {""channel"": ""email"", ""timestamp"": ""2024-01-05""}, {""channel"": ""website"", ""timestamp"": ""2024-01-07""}]",10,instagram,website,"{""email"": 1.0}","{""google"": 1.0}","{""google"": 0.33, ""email"": 0.33, ""website"": 0.34}","{""google"": 0.2, ""email"": 0.3, ""website"": 0.5}",ORD_71267,"[19, 31, 46, 14]",6.0,2025-11-14 13:50:49.180724
79,fc6cd42e-7196-4bd7-8b2e-82122a257c1d,226,signup,1701.44,BRL,"[{""channel"": ""google"", ""timestamp"": ""2024-01-01""}, {""channel"": ""email"", ""timestamp"": ""2024-01-05""}, {""channel"": ""website"", ""timestamp"": ""2024-01-07""}]",9,direct,whatsapp,"{""email"": 1.0}","{""google"": 1.0}","{""google"": 0.33, ""email"": 0.33, ""website"": 0.34}","{""google"": 0.2, ""email"": 0.3, ""website"": 0.5}",ORD_78806,"[53, 3, 12, 97, 62]",1.0,2025-11-14 13:50:49.180745
80,fc6cd42e-7196-4bd7-8b2e-82122a257c1d,226,purchase,1900.11,BRL,"[{""channel"": ""google"", ""timestamp"": ""2024-01-01""}, {""channel"": ""email"", ""timestamp"": ""2024-01-05""}, {""channel"": ""website"", ""timestamp"": ""2024-01-07""}]",6,direct,email,"{""email"": 1.0}","{""google"": 1.0}","{""google"": 0.33, ""email"": 0.33, ""website"": 0.34}","{""google"": 0.2, ""email"": 0.3, ""website"": 0.5}",ORD_48199,"[12, 92, 16, 4]",2.0,2025-10-11 13:50:49.180764
81,fc6cd42e-7196-4bd7-8b2e-82122a257c1d,226,lead,1338.14,BRL,"[{""channel"": ""google"", ""timestamp"": ""2024-01-01""}, {""channel"": ""email"", ""timestamp"": ""2024-01-05""}, {""channel"": ""website"", ""timestamp"": ""2024-01-07""}]",7,instagram,website,"{""email"": 1.0}","{""google"": 1.0}","{""google"": 0.33, ""email"": 0.33, ""website"": 0.34}","{""google"": 0.2, ""email"": 0.3, ""website"": 0.5}",ORD_94006,"[77, 47, 80, 38]",1.0,2025-11-18 13:50:49.180792
82,fc6cd42e-7196-4bd7-8b2e-82122a257c1d,226,lead,283.54,BRL,"[{""channel"": ""google"", ""timestamp"": ""2024-01-01""}, {""channel"": ""email"", ""timestamp"": ""2024-01-05""}, {""channel"": ""website"", ""timestamp"": ""2024-01-07""}]",6,google,email,"{""email"": 1.0}","{""google"": 1.0}","{""google"": 0.33, ""email"": 0.33, ""website"": 0.34}","{""google"": 0.2, ""email"": 0.3, ""website"": 0.5}",ORD_42010,"[95, 21, 41]",,2025-10-20 13:50:49.180810
83,43c18b6e-c318-4e5b-9bef-c64518ea8609,226,signup,1700.97,BRL,"[{""channel"": ""google"", ""timestamp"": ""2024-01-01""}, {""channel"": ""email"", ""timestamp"": ""2024-01-05""}, {""channel"": ""website"", ""timestamp"": ""2024-01-07""}]",8,google,email,"{""email"": 1.0}","{""google"": 1.0}","{""google"": 0.33, ""email"": 0.33, ""website"": 0.34}","{""google"": 0.2, ""email"": 0.3, ""website"": 0.5}",ORD_35709,"[65, 47, 85, 67, 21]",,2025-11-05 13:50:49.180836
84,43c18b6e-c318-4e5b-9bef-c64518ea8609,226,signup,734.8,BRL,"[{""channel"": ""google"", ""timestamp"": ""2024-01-01""}, {""channel"": ""email"", ""timestamp"": ""2024-01-05""}, {""channel"": ""website"", ""timestamp"": ""2024-01-07""}]",3,google,email,"{""email"": 1.0}","{""google"": 1.0}","{""google"": 0.33, ""email"": 0.33, ""website"": 0.34}","{""google"": 0.2, ""email"": 0.3, ""website"": 0.5}",ORD_48396,[70],6.0,2025-10-23 13:50:49.180875
85,43c18b6e-c318-4e5b-9bef-c64518ea8609,226,purchase,1143.83,BRL,"[{""channel"": ""google"", ""timestamp"": ""2024-01-01""}, {""channel"": ""email"", ""timestamp"": ""2024-01-05""}, {""channel"": ""website"", ""timestamp"": ""2024-01-07""}]",8,direct,email,"{""email"": 1.0}","{""google"": 1.0}","{""google"": 0.33, ""email"": 0.33, ""website"": 0.34}","{""google"": 0.2, ""email"": 0.3, ""website"": 0.5}",ORD_93278,"[11, 16, 28, 16, 80]",4.0,2025-12-05 13:50:49.180900
86,fe10967e-1718-4edc-88a8-ababd828b233,226,lead,1465.87,BRL,"[{""channel"": ""google"", ""timestamp"": ""2024-01-01""}, {""channel"": ""email"", ""timestamp"": ""2024-01-05""}, {""channel"": ""website"", ""timestamp"": ""2024-01-07""}]",5,direct,whatsapp,"{""email"": 1.0}","{""google"": 1.0}","{""google"": 0.33, ""email"": 0.33, ""website"": 0.34}","{""google"": 0.2, ""email"": 0.3, ""website"": 0.5}",ORD_27260,"[27, 94]",2.0,2025-10-15 13:50:49.180924
87,fe10967e-1718-4edc-88a8-ababd828b233,226,purchase,1806.99,BRL,"[{""channel"": ""google"", ""timestamp"": ""2024-01-01""}, {""channel"": ""email"", ""timestamp"": ""2024-01-05""}, {""channel"": ""website"", ""timestamp"": ""2024-01-07""}]",8,direct,email,"{""email"": 1.0}","{""google"": 1.0}","{""google"": 0.33, ""email"": 0.33, ""website"": 0.34}","{""google"": 0.2, ""email"": 0.3, ""website"": 0.5}",ORD_34103,"[54, 100, 76]",10.0,2025-11-18 13:50:49.180953
88,fe10967e-1718-4edc-88a8-ababd828b233,226,lead,1030.65,BRL,"[{""channel"": ""google"", ""timestamp"": ""2024-01-01""}, {""channel"": ""email"", ""timestamp"": ""2024-01-05""}, {""channel"": ""website"", ""timestamp"": ""2024-01-07""}]",6,google,whatsapp,"{""email"": 1.0}","{""google"": 1.0}","{""google"": 0.33, ""email"": 0.33, ""website"": 0.34}","{""google"": 0.2, ""email"": 0.3, ""website"": 0.5}",ORD_75764,[85],,2025-12-01 13:50:49.180981
89,fe10967e-1718-4edc-88a8-ababd828b233,226,lead,1334.97,BRL,"[{""channel"": ""google"", ""timestamp"": ""2024-01-01""}, {""channel"": ""email"", ""timestamp"": ""2024-01-05""}, {""channel"": ""website"", ""timestamp"": ""2024-01-07""}]",7,direct,website,"{""email"": 1.0}","{""google"": 1.0}","{""google"": 0.33, ""email"": 0.33, ""website"": 0.34}","{""google"": 0.2, ""email"": 0.3, ""website"": 0.5}",ORD_73036,[14],,2025-10-11 13:50:49.181020
90,fe10967e-1718-4edc-88a8-ababd828b233,226,purchase,189.24,BRL,"[{""channel"": ""google"", ""timestamp"": ""2024-01-01""}, {""channel"": ""email"", ""timestamp"": ""2024-01-05""}, {""channel"": ""website"", ""timestamp"": ""2024-01-07""}]",9,google,website,"{""email"": 1.0}","{""google"": 1.0}","{""google"": 0.33, ""email"": 0.33, ""website"": 0.34}","{""google"": 0.2, ""email"": 0.3, ""website"": 0.5}",ORD_41568,"[14, 70, 44]",,2025-11-04 13:50:49.181051
91,6ff6e731-e40d-4480-9821-8c4c5ff41471,226,purchase,788.94,BRL,"[{""channel"": ""google"", ""timestamp"": ""2024-01-01""}, {""channel"": ""email"", ""timestamp"": ""2024-01-05""}, {""channel"": ""website"", ""timestamp"": ""2024-01-07""}]",7,facebook,website,"{""email"": 1.0}","{""google"": 1.0}","{""google"": 0.33, ""email"": 0.33, ""website"": 0.34}","{""google"": 0.2, ""email"": 0.3, ""website"": 0.5}",ORD_24946,"[72, 66, 82]",,2025-11-07 13:50:49.181072
92,6ff6e731-e40d-4480-9821-8c4c5ff41471,226,signup,1781.29,BRL,"[{""channel"": ""google"", ""timestamp"": ""2024-01-01""}, {""channel"": ""email"", ""timestamp"": ""2024-01-05""}, {""channel"": ""website"", ""timestamp"": ""2024-01-07""}]",9,google,email,"{""email"": 1.0}","{""google"": 1.0}","{""google"": 0.33, ""email"": 0.33, ""website"": 0.34}","{""google"": 0.2, ""email"": 0.3, ""website"": 0.5}",ORD_32334,"[5, 80]",6.0,2025-11-26 13:50:49.181093
93,6ff6e731-e40d-4480-9821-8c4c5ff41471,226,lead,1180.61,BRL,"[{""channel"": ""google"", ""timestamp"": ""2024-01-01""}, {""channel"": ""email"", ""timestamp"": ""2024-01-05""}, {""channel"": ""website"", ""timestamp"": ""2024-01-07""}]",10,facebook,whatsapp,"{""email"": 1.0}","{""google"": 1.0}","{""google"": 0.33, ""email"": 0.33, ""website"": 0.34}","{""google"": 0.2, ""email"": 0.3, ""website"": 0.5}",ORD_27051,"[84, 93, 54]",,2025-11-19 13:50:49.181112
94,6ff6e731-e40d-4480-9821-8c4c5ff41471,226,lead,397.63,BRL,"[{""channel"": ""google"", ""timestamp"": ""2024-01-01""}, {""channel"": ""email"", ""timestamp"": ""2024-01-05""}, {""channel"": ""website"", ""timestamp"": ""2024-01-07""}]",10,instagram,website,"{""email"": 1.0}","{""google"": 1.0}","{""google"": 0.33, ""email"": 0.33, ""website"": 0.34}","{""google"": 0.2, ""email"": 0.3, ""website"": 0.5}",ORD_71768,"[45, 46, 50, 56]",9.0,2025-10-11 13:50:49.181133
95,3d656a0b-1434-49c0-a5d1-06cebe42ef71,226,purchase,671.37,BRL,"[{""channel"": ""google"", ""timestamp"": ""2024-01-01""}, {""channel"": ""email"", ""timestamp"": ""2024-01-05""}, {""channel"": ""website"", ""timestamp"": ""2024-01-07""}]",10,google,whatsapp,"{""email"": 1.0}","{""google"": 1.0}","{""google"": 0.33, ""email"": 0.33, ""website"": 0.34}","{""google"": 0.2, ""email"": 0.3, ""website"": 0.5}",ORD_82436,"[39, 28, 86]",,2025-10-22 13:50:49.181154
96,4757f76f-86cd-4539-83c5-36a0c9d15acc,226,lead,268.26,BRL,"[{""channel"": ""google"", ""timestamp"": ""2024-01-01""}, {""channel"": ""email"", ""timestamp"": ""2024-01-05""}, {""channel"": ""website"", ""timestamp"": ""2024-01-07""}]",8,direct,website,"{""email"": 1.0}","{""google"": 1.0}","{""google"": 0.33, ""email"": 0.33, ""website"": 0.34}","{""google"": 0.2, ""email"": 0.3, ""website"": 0.5}",ORD_24686,"[17, 62, 41, 21]",1.0,2025-11-21 13:50:49.181184
97,2cf50922-edde-41f0-8e87-00ae877bbee3,226,signup,1972.37,BRL,"[{""channel"": ""google"", ""timestamp"": ""2024-01-01""}, {""channel"": ""email"", ""timestamp"": ""2024-01-05""}, {""channel"": ""website"", ""timestamp"": ""2024-01-07""}]",7,instagram,email,"{""email"": 1.0}","{""google"": 1.0}","{""google"": 0.33, ""email"": 0.33, ""website"": 0.34}","{""google"": 0.2, ""email"": 0.3, ""website"": 0.5}",ORD_22665,"[76, 62, 52]",,2025-11-30 13:50:49.181204
98,2cf50922-edde-41f0-8e87-00ae877bbee3,226,signup,1801.54,BRL,"[{""channel"": ""google"", ""timestamp"": ""2024-01-01""}, {""channel"": ""email"", ""timestamp"": ""2024-01-05""}, {""channel"": ""website"", ""timestamp"": ""2024-01-07""}]",6,facebook,whatsapp,"{""email"": 1.0}","{""google"": 1.0}","{""google"": 0.33, ""email"": 0.33, ""website"": 0.34}","{""google"": 0.2, ""email"": 0.3, ""website"": 0.5}",ORD_20928,"[74, 62, 2, 12, 90]",6.0,2025-10-17 13:50:49.181226
99,8f7008a3-34ed-4cd0-b4ea-4dceff503b32,226,lead,1736.42,BRL,"[{""channel"": ""google"", ""timestamp"": ""2024-01-01""}, {""channel"": ""email"", ""timestamp"": ""2024-01-05""}, {""channel"": ""website"", ""timestamp"": ""2024-01-07""}]",9,facebook,whatsapp,"{""email"": 1.0}","{""google"": 1.0}","{""google"": 0.33, ""email"": 0.33, ""website"": 0.34}","{""google"": 0.2, ""email"": 0.3, ""website"": 0.5}",ORD_34605,[14],,2025-11-03 13:50:49.181246
100,8f7008a3-34ed-4cd0-b4ea-4dceff503b32,226,purchase,1137.31,BRL,"[{""channel"": ""google"", ""timestamp"": ""2024-01-01""}, {""channel"": ""email"", ""timestamp"": ""2024-01-05""}, {""channel"": ""website"", ""timestamp"": ""2024-01-07""}]",7,google,email,"{""email"": 1.0}","{""google"": 1.0}","{""google"": 0.33, ""email"": 0.33, ""website"": 0.34}","{""google"": 0.2, ""email"": 0.3, ""website"": 0.5}",ORD_82217,"[48, 97, 22]",10.0,2025-11-15 13:50:49.181286
101,8f7008a3-34ed-4cd0-b4ea-4dceff503b32,226,signup,672.01,BRL,"[{""channel"": ""google"", ""timestamp"": ""2024-01-01""}, {""channel"": ""email"", ""timestamp"": ""2024-01-05""}, {""channel"": ""website"", ""timestamp"": ""2024-01-07""}]",3,direct,website,"{""email"": 1.0}","{""google"": 1.0}","{""google"": 0.33, ""email"": 0.33, ""website"": 0.34}","{""google"": 0.2, ""email"": 0.3, ""website"": 0.5}",ORD_55727,"[68, 32, 57, 50, 28]",,2025-10-12 13:50:49.181313
102,e74d2b48-9a75-4376-b101-da10b5eef5d4,226,lead,1320.81,BRL,"[{""channel"": ""google"", ""timestamp"": ""2024-01-01""}, {""channel"": ""email"", ""timestamp"": ""2024-01-05""}, {""channel"": ""website"", ""timestamp"": ""2024-01-07""}]",4,google,website,"{""email"": 1.0}","{""google"": 1.0}","{""google"": 0.33, ""email"": 0.33, ""website"": 0.34}","{""google"": 0.2, ""email"": 0.3, ""website"": 0.5}",ORD_71564,"[67, 1, 33, 25, 16]",,2025-10-15 13:50:49.181337
103,e74d2b48-9a75-4376-b101-da10b5eef5d4,226,signup,678.58,BRL,"[{""channel"": ""google"", ""timestamp"": ""2024-01-01""}, {""channel"": ""email"", ""timestamp"": ""2024-01-05""}, {""channel"": ""website"", ""timestamp"": ""2024-01-07""}]",8,instagram,email,"{""email"": 1.0}","{""google"": 1.0}","{""google"": 0.33, ""email"": 0.33, ""website"": 0.34}","{""google"": 0.2, ""email"": 0.3, ""website"": 0.5}",ORD_21511,"[10, 19, 48, 60]",10.0,2025-11-23 13:50:49.181360
104,e74d2b48-9a75-4376-b101-da10b5eef5d4,226,lead,1109.43,BRL,"[{""channel"": ""google"", ""timestamp"": ""2024-01-01""}, {""channel"": ""email"", ""timestamp"": ""2024-01-05""}, {""channel"": ""website"", ""timestamp"": ""2024-01-07""}]",8,direct,email,"{""email"": 1.0}","{""google"": 1.0}","{""google"": 0.33, ""email"": 0.33, ""website"": 0.34}","{""google"": 0.2, ""email"": 0.3, ""website"": 0.5}",ORD_31388,[28],7.0,2025-11-26 13:50:49.181392
105,05cc2312-25c0-4a02-b46e-b8296151342c,226,lead,975.53,BRL,"[{""channel"": ""google"", ""timestamp"": ""2024-01-01""}, {""channel"": ""email"", ""timestamp"": ""2024-01-05""}, {""channel"": ""website"", ""timestamp"": ""2024-01-07""}]",3,facebook,website,"{""email"": 1.0}","{""google"": 1.0}","{""google"": 0.33, ""email"": 0.33, ""website"": 0.34}","{""google"": 0.2, ""email"": 0.3, ""website"": 0.5}",ORD_68449,"[55, 27, 34, 57, 25]",,2025-11-09 13:50:49.181429
106,05cc2312-25c0-4a02-b46e-b8296151342c,226,lead,632.07,BRL,"[{""channel"": ""google"", ""timestamp"": ""2024-01-01""}, {""channel"": ""email"", ""timestamp"": ""2024-01-05""}, {""channel"": ""website"", ""timestamp"": ""2024-01-07""}]",8,google,whatsapp,"{""email"": 1.0}","{""google"": 1.0}","{""google"": 0.33, ""email"": 0.33, ""website"": 0.34}","{""google"": 0.2, ""email"": 0.3, ""website"": 0.5}",ORD_67212,"[87, 3, 55, 52, 49]",9.0,2025-12-02 13:50:49.181452
107,05cc2312-25c0-4a02-b46e-b8296151342c,226,lead,1680.62,BRL,"[{""channel"": ""google"", ""timestamp"": ""2024-01-01""}, {""channel"": ""email"", ""timestamp"": ""2024-01-05""}, {""channel"": ""website"", ""timestamp"": ""2024-01-07""}]",3,instagram,whatsapp,"{""email"": 1.0}","{""google"": 1.0}","{""google"": 0.33, ""email"": 0.33, ""website"": 0.34}","{""google"": 0.2, ""email"": 0.3, ""website"": 0.5}",ORD_24270,"[45, 28, 58]",5.0,2025-12-08 13:50:49.181472
108,05cc2312-25c0-4a02-b46e-b8296151342c,226,lead,167.22,BRL,"[{""channel"": ""google"", ""timestamp"": ""2024-01-01""}, {""channel"": ""email"", ""timestamp"": ""2024-01-05""}, {""channel"": ""website"", ""timestamp"": ""2024-01-07""}]",10,direct,website,"{""email"": 1.0}","{""google"": 1.0}","{""google"": 0.33, ""email"": 0.33, ""website"": 0.34}","{""google"": 0.2, ""email"": 0.3, ""website"": 0.5}",ORD_94537,"[72, 28, 37]",,2025-10-28 13:50:49.181491
109,b3790edd-c7cf-447e-acbd-54914fe2e6f0,226,purchase,1391.73,BRL,"[{""channel"": ""google"", ""timestamp"": ""2024-01-01""}, {""channel"": ""email"", ""timestamp"": ""2024-01-05""}, {""channel"": ""website"", ""timestamp"": ""2024-01-07""}]",7,google,email,"{""email"": 1.0}","{""google"": 1.0}","{""google"": 0.33, ""email"": 0.33, ""website"": 0.34}","{""google"": 0.2, ""email"": 0.3, ""website"": 0.5}",ORD_16001,"[72, 61, 53, 78, 86]",,2025-12-03 13:50:49.181511
110,b3790edd-c7cf-447e-acbd-54914fe2e6f0,226,lead,1087.97,BRL,"[{""channel"": ""google"", ""timestamp"": ""2024-01-01""}, {""channel"": ""email"", ""timestamp"": ""2024-01-05""}, {""channel"": ""website"", ""timestamp"": ""2024-01-07""}]",5,instagram,website,"{""email"": 1.0}","{""google"": 1.0}","{""google"": 0.33, ""email"": 0.33, ""website"": 0.34}","{""google"": 0.2, ""email"": 0.3, ""website"": 0.5}",ORD_47838,[45],,2025-10-10 13:50:49.181536
111,b3790edd-c7cf-447e-acbd-54914fe2e6f0,226,purchase,854.32,BRL,"[{""channel"": ""google"", ""timestamp"": ""2024-01-01""}, {""channel"": ""email"", ""timestamp"": ""2024-01-05""}, {""channel"": ""website"", ""timestamp"": ""2024-01-07""}]",4,instagram,email,"{""email"": 1.0}","{""google"": 1.0}","{""google"": 0.33, ""email"": 0.33, ""website"": 0.34}","{""google"": 0.2, ""email"": 0.3, ""website"": 0.5}",ORD_49532,"[69, 100]",5.0,2025-10-11 13:50:49.181564
112,b3790edd-c7cf-447e-acbd-54914fe2e6f0,226,signup,693.5,BRL,"[{""channel"": ""google"", ""timestamp"": ""2024-01-01""}, {""channel"": ""email"", ""timestamp"": ""2024-01-05""}, {""channel"": ""website"", ""timestamp"": ""2024-01-07""}]",9,direct,email,"{""email"": 1.0}","{""google"": 1.0}","{""google"": 0.33, ""email"": 0.33, ""website"": 0.34}","{""google"": 0.2, ""email"": 0.3, ""website"": 0.5}",ORD_38413,[29],,2025-11-27 13:50:49.181592
113,9cbadf12-84ad-4af6-90ed-0ec9222c9ad0,226,purchase,240.99,BRL,"[{""channel"": ""google"", ""timestamp"": ""2024-01-01""}, {""channel"": ""email"", ""timestamp"": ""2024-01-05""}, {""channel"": ""website"", ""timestamp"": ""2024-01-07""}]",3,facebook,email,"{""email"": 1.0}","{""google"": 1.0}","{""google"": 0.33, ""email"": 0.33, ""website"": 0.34}","{""google"": 0.2, ""email"": 0.3, ""website"": 0.5}",ORD_33550,"[87, 81]",8.0,2025-12-04 13:50:49.181616
114,9cbadf12-84ad-4af6-90ed-0ec9222c9ad0,226,signup,1978.87,BRL,"[{""channel"": ""google"", ""timestamp"": ""2024-01-01""}, {""channel"": ""email"", ""timestamp"": ""2024-01-05""}, {""channel"": ""website"", ""timestamp"": ""2024-01-07""}]",5,direct,whatsapp,"{""email"": 1.0}","{""google"": 1.0}","{""google"": 0.33, ""email"": 0.33, ""website"": 0.34}","{""google"": 0.2, ""email"": 0.3, ""website"": 0.5}",ORD_48072,"[67, 9, 49, 27, 7]",3.0,2025-10-27 13:50:49.181642
115,b6e4f47c-42f6-4638-9ae4-33c84787a48c,226,lead,1364.4,BRL,"[{""channel"": ""google"", ""timestamp"": ""2024-01-01""}, {""channel"": ""email"", ""timestamp"": ""2024-01-05""}, {""channel"": ""website"", ""timestamp"": ""2024-01-07""}]",8,instagram,website,"{""email"": 1.0}","{""google"": 1.0}","{""google"": 0.33, ""email"": 0.33, ""website"": 0.34}","{""google"": 0.2, ""email"": 0.3, ""website"": 0.5}",ORD_76264,"[35, 11, 18]",1.0,2025-12-02 13:50:49.181673
116,b6e4f47c-42f6-4638-9ae4-33c84787a48c,226,purchase,919.11,BRL,"[{""channel"": ""google"", ""timestamp"": ""2024-01-01""}, {""channel"": ""email"", ""timestamp"": ""2024-01-05""}, {""channel"": ""website"", ""timestamp"": ""2024-01-07""}]",9,direct,website,"{""email"": 1.0}","{""google"": 1.0}","{""google"": 0.33, ""email"": 0.33, ""website"": 0.34}","{""google"": 0.2, ""email"": 0.3, ""website"": 0.5}",ORD_61005,"[32, 61, 31]",9.0,2025-11-20 13:50:49.181716
117,b6e4f47c-42f6-4638-9ae4-33c84787a48c,226,signup,1283.92,BRL,"[{""channel"": ""google"", ""timestamp"": ""2024-01-01""}, {""channel"": ""email"", ""timestamp"": ""2024-01-05""}, {""channel"": ""website"", ""timestamp"": ""2024-01-07""}]",9,instagram,whatsapp,"{""email"": 1.0}","{""google"": 1.0}","{""google"": 0.33, ""email"": 0.33, ""website"": 0.34}","{""google"": 0.2, ""email"": 0.3, ""website"": 0.5}",ORD_95116,"[94, 83, 80, 43, 96]",,2025-11-23 13:50:49.181736
118,b6e4f47c-42f6-4638-9ae4-33c84787a48c,226,purchase,1237.95,BRL,"[{""channel"": ""google"", ""timestamp"": ""2024-01-01""}, {""channel"": ""email"", ""timestamp"": ""2024-01-05""}, {""channel"": ""website"", ""timestamp"": ""2024-01-07""}]",9,google,whatsapp,"{""email"": 1.0}","{""google"": 1.0}","{""google"": 0.33, ""email"": 0.33, ""website"": 0.34}","{""google"": 0.2, ""email"": 0.3, ""website"": 0.5}",ORD_35381,"[40, 89]",,2025-11-04 13:50:49.181756
119,3c3f1afd-28b9-4ee2-92aa-bd1856fba8a7,226,signup,1767.46,BRL,"[{""channel"": ""google"", ""timestamp"": ""2024-01-01""}, {""channel"": ""email"", ""timestamp"": ""2024-01-05""}, {""channel"": ""website"", ""timestamp"": ""2024-01-07""}]",7,google,whatsapp,"{""email"": 1.0}","{""google"": 1.0}","{""google"": 0.33, ""email"": 0.33, ""website"": 0.34}","{""google"": 0.2, ""email"": 0.3, ""website"": 0.5}",ORD_46822,"[46, 94]",2.0,2025-11-17 13:50:49.181783
120,3c3f1afd-28b9-4ee2-92aa-bd1856fba8a7,226,purchase,205.72,BRL,"[{""channel"": ""google"", ""timestamp"": ""2024-01-01""}, {""channel"": ""email"", ""timestamp"": ""2024-01-05""}, {""channel"": ""website"", ""timestamp"": ""2024-01-07""}]",4,facebook,email,"{""email"": 1.0}","{""google"": 1.0}","{""google"": 0.33, ""email"": 0.33, ""website"": 0.34}","{""google"": 0.2, ""email"": 0.3, ""website"": 0.5}",ORD_71832,"[19, 69, 24, 46, 11]",,2025-12-03 13:50:49.181803
121,ab846f7e-a7c9-4857-a8a8-d8f4f677937f,226,purchase,433.3,BRL,"[{""channel"": ""google"", ""timestamp"": ""2024-01-01""}, {""channel"": ""email"", ""timestamp"": ""2024-01-05""}, {""channel"": ""website"", ""timestamp"": ""2024-01-07""}]",6,instagram,whatsapp,"{""email"": 1.0}","{""google"": 1.0}","{""google"": 0.33, ""email"": 0.33, ""website"": 0.34}","{""google"": 0.2, ""email"": 0.3, ""website"": 0.5}",ORD_80361,"[24, 38, 69]",,2025-12-02 13:50:49.181823
122,ab846f7e-a7c9-4857-a8a8-d8f4f677937f,226,lead,767.25,BRL,"[{""channel"": ""google"", ""timestamp"": ""2024-01-01""}, {""channel"": ""email"", ""timestamp"": ""2024-01-05""}, {""channel"": ""website"", ""timestamp"": ""2024-01-07""}]",4,direct,website,"{""email"": 1.0}","{""google"": 1.0}","{""google"": 0.33, ""email"": 0.33, ""website"": 0.34}","{""google"": 0.2, ""email"": 0.3, ""website"": 0.5}",ORD_25595,"[10, 39, 71, 29]",1.0,2025-11-18 13:50:49.181843
123,ab846f7e-a7c9-4857-a8a8-d8f4f677937f,226,lead,435.97,BRL,"[{""channel"": ""google"", ""timestamp"": ""2024-01-01""}, {""channel"": ""email"", ""timestamp"": ""2024-01-05""}, {""channel"": ""website"", ""timestamp"": ""2024-01-07""}]",3,instagram,whatsapp,"{""email"": 1.0}","{""google"": 1.0}","{""google"": 0.33, ""email"": 0.33, ""website"": 0.34}","{""google"": 0.2, ""email"": 0.3, ""website"": 0.5}",ORD_36172,"[20, 54, 42, 42]",10.0,2025-11-30 13:50:49.181863
124,ab846f7e-a7c9-4857-a8a8-d8f4f677937f,226,lead,541.44,BRL,"[{""channel"": ""google"", ""timestamp"": ""2024-01-01""}, {""channel"": ""email"", ""timestamp"": ""2024-01-05""}, {""channel"": ""website"", ""timestamp"": ""2024-01-07""}]",4,facebook,whatsapp,"{""email"": 1.0}","{""google"": 1.0}","{""google"": 0.33, ""email"": 0.33, ""website"": 0.34}","{""google"": 0.2, ""email"": 0.3, ""website"": 0.5}",ORD_53969,"[7, 38, 81, 68, 38]",,2025-11-05 13:50:49.181902
125,52ebee7d-461c-44f1-b468-f429028a89d7,226,lead,1137.14,BRL,"[{""channel"": ""google"", ""timestamp"": ""2024-01-01""}, {""channel"": ""email"", ""timestamp"": ""2024-01-05""}, {""channel"": ""website"", ""timestamp"": ""2024-01-07""}]",8,instagram,email,"{""email"": 1.0}","{""google"": 1.0}","{""google"": 0.33, ""email"": 0.33, ""website"": 0.34}","{""google"": 0.2, ""email"": 0.3, ""website"": 0.5}",ORD_28730,"[49, 12, 99]",9.0,2025-12-06 13:50:49.181940
126,52ebee7d-461c-44f1-b468-f429028a89d7,226,signup,1310.91,BRL,"[{""channel"": ""google"", ""timestamp"": ""2024-01-01""}, {""channel"": ""email"", ""timestamp"": ""2024-01-05""}, {""channel"": ""website"", ""timestamp"": ""2024-01-07""}]",10,facebook,whatsapp,"{""email"": 1.0}","{""google"": 1.0}","{""google"": 0.33, ""email"": 0.33, ""website"": 0.34}","{""google"": 0.2, ""email"": 0.3, ""website"": 0.5}",ORD_67075,"[73, 68, 40, 98, 9]",,2025-11-07 13:50:49.181962
127,52ebee7d-461c-44f1-b468-f429028a89d7,226,purchase,645.87,BRL,"[{""channel"": ""google"", ""timestamp"": ""2024-01-01""}, {""channel"": ""email"", ""timestamp"": ""2024-01-05""}, {""channel"": ""website"", ""timestamp"": ""2024-01-07""}]",9,google,website,"{""email"": 1.0}","{""google"": 1.0}","{""google"": 0.33, ""email"": 0.33, ""website"": 0.34}","{""google"": 0.2, ""email"": 0.3, ""website"": 0.5}",ORD_98007,"[82, 24]",,2025-11-26 13:50:49.181982
128,52ebee7d-461c-44f1-b468-f429028a89d7,226,purchase,939.19,BRL,"[{""channel"": ""google"", ""timestamp"": ""2024-01-01""}, {""channel"": ""email"", ""timestamp"": ""2024-01-05""}, {""channel"": ""website"", ""timestamp"": ""2024-01-07""}]",10,direct,website,"{""email"": 1.0}","{""google"": 1.0}","{""google"": 0.33, ""email"": 0.33, ""website"": 0.34}","{""google"": 0.2, ""email"": 0.3, ""website"": 0.5}",ORD_92058,"[56, 15, 8]",7.0,2025-11-17 13:50:49.182001
