id,tenant_id,name,dataset_id,algorithm,task_type,status,target_column,feature_columns,hyperparameters,preset,metrics,feature_importance,predictions_sample,confusion_matrix,training_duration,model_path,is_deployed,market_area,created_at
ea647509-0e5d-4450-b65f-7c15d1665d21,4c468ad9-aa48-4691-90f2-54651adcecc7,Tech Solutions Ltda - XGBOOST Analysis,7686e1e4-a2cb-452b-9eff-2f8f4326b89e,xgboost,regression,completed,revenue,"[""orders"", ""visits"", ""marketing_spend"", ""leads""]","{""n_estimators"": 300, ""learning_rate"": 0.05, ""max_depth"": 6}",balanced,"{""r2_score"": 0.8884, ""rmse"": 13094.3, ""mae"": 3045.49}","{""marketing_spend"": 0.35, ""visits"": 0.28, ""orders"": 0.22, ""leads"": 0.15}","[{""actual"": 50000, ""predicted"": 48500}, {""actual"": 55000, ""predicted"": 56200}]",,57810,/models/4c468ad9-aa48-4691-90f2-54651adcecc7/xgboost_5eabc211-702a-49fc-8005-5464548440a4.pkl,True,sales,2025-09-09 13:50:48.727879
e735e924-f043-425e-b1a0-149ecd44b4c3,4c468ad9-aa48-4691-90f2-54651adcecc7,Tech Solutions Ltda - LIGHTGBM Analysis,7686e1e4-a2cb-452b-9eff-2f8f4326b89e,lightgbm,classification,completed,churn,"[""orders"", ""visits"", ""marketing_spend"", ""leads""]","{""num_leaves"": 63, ""learning_rate"": 0.05}",balanced,"{""accuracy"": 0.8806, ""precision"": 0.8187, ""recall"": 0.8949, ""f1"": 0.8503}","{""marketing_spend"": 0.35, ""visits"": 0.28, ""orders"": 0.22, ""leads"": 0.15}","[{""actual"": 50000, ""predicted"": 48500}, {""actual"": 55000, ""predicted"": 56200}]","[[45, 5], [3, 47]]",11078,/models/4c468ad9-aa48-4691-90f2-54651adcecc7/lightgbm_3c735d60-f9ee-4129-b04b-5fde62ffb8bd.pkl,False,marketing,2025-11-25 13:50:48.727938
cb785ad2-5018-47c3-afb2-b24872f269bd,4c468ad9-aa48-4691-90f2-54651adcecc7,Tech Solutions Ltda - PROPHET Analysis,7686e1e4-a2cb-452b-9eff-2f8f4326b89e,prophet,timeseries,completed,,"[""orders"", ""visits"", ""marketing_spend"", ""leads""]","{""seasonality_mode"": ""multiplicative""}",balanced,"{""mape"": 0.1108, ""rmse"": 12226.08}","{""marketing_spend"": 0.35, ""visits"": 0.28, ""orders"": 0.22, ""leads"": 0.15}","[{""actual"": 50000, ""predicted"": 48500}, {""actual"": 55000, ""predicted"": 56200}]",,57895,/models/4c468ad9-aa48-4691-90f2-54651adcecc7/prophet_0dbd5f2a-86b7-4f91-b50a-6d4e6464cd77.pkl,True,sales,2025-10-10 13:50:48.727967
74a2cea8-cd3a-46d2-b6d6-6fa439217c62,4c468ad9-aa48-4691-90f2-54651adcecc7,Tech Solutions Ltda - KMEANS Analysis,7686e1e4-a2cb-452b-9eff-2f8f4326b89e,kmeans,clustering,completed,,"[""orders"", ""visits"", ""marketing_spend"", ""leads""]","{""n_clusters"": 4, ""init"": ""k-means++""}",accurate,"{""silhouette_score"": 0.4874, ""n_clusters"": 4}","{""marketing_spend"": 0.35, ""visits"": 0.28, ""orders"": 0.22, ""leads"": 0.15}","[{""actual"": 50000, ""predicted"": 48500}, {""actual"": 55000, ""predicted"": 56200}]",,10164,/models/4c468ad9-aa48-4691-90f2-54651adcecc7/kmeans_bea9bab6-a54e-4628-9149-1e8d4e4923e8.pkl,False,customers,2025-09-18 13:50:48.727993
7e118648-e3c8-488d-af18-77c94a902b8f,4c468ad9-aa48-4691-90f2-54651adcecc7,Tech Solutions Ltda - RANDOM_FOREST Analysis,7686e1e4-a2cb-452b-9eff-2f8f4326b89e,random_forest,regression,completed,revenue,"[""orders"", ""visits"", ""marketing_spend"", ""leads""]","{""n_estimators"": 300, ""max_depth"": 15}",accurate,"{""r2_score"": 0.9328, ""rmse"": 8616.35, ""mae"": 4346.02}","{""marketing_spend"": 0.35, ""visits"": 0.28, ""orders"": 0.22, ""leads"": 0.15}","[{""actual"": 50000, ""predicted"": 48500}, {""actual"": 55000, ""predicted"": 56200}]",,9558,/models/4c468ad9-aa48-4691-90f2-54651adcecc7/random_forest_3b4ad176-3e37-40d6-bb72-03d6945b782e.pkl,True,finance,2025-09-14 13:50:48.728017
ef7890d7-7066-48ae-b297-c0b5dc6dbc3e,4c468ad9-aa48-4691-90f2-54651adcecc7,EduLearn - XGBOOST Analysis,20c64127-ec14-41f2-8b80-50478359b480,xgboost,regression,completed,revenue,"[""orders"", ""visits"", ""marketing_spend"", ""leads""]","{""n_estimators"": 300, ""learning_rate"": 0.05, ""max_depth"": 6}",fast,"{""r2_score"": 0.916, ""rmse"": 14852.22, ""mae"": 8987.22}","{""marketing_spend"": 0.35, ""visits"": 0.28, ""orders"": 0.22, ""leads"": 0.15}","[{""actual"": 50000, ""predicted"": 48500}, {""actual"": 55000, ""predicted"": 56200}]",,11619,/models/4c468ad9-aa48-4691-90f2-54651adcecc7/xgboost_ebfa6dbd-61ad-41d7-a3dd-27df96e27058.pkl,False,sales,2025-11-02 13:50:48.728042
2f9f3d44-d446-4c38-8c31-41d9c0c0f987,4c468ad9-aa48-4691-90f2-54651adcecc7,EduLearn - LIGHTGBM Analysis,20c64127-ec14-41f2-8b80-50478359b480,lightgbm,classification,completed,churn,"[""orders"", ""visits"", ""marketing_spend"", ""leads""]","{""num_leaves"": 63, ""learning_rate"": 0.05}",balanced,"{""accuracy"": 0.9072, ""precision"": 0.8438, ""recall"": 0.8244, ""f1"": 0.8389}","{""marketing_spend"": 0.35, ""visits"": 0.28, ""orders"": 0.22, ""leads"": 0.15}","[{""actual"": 50000, ""predicted"": 48500}, {""actual"": 55000, ""predicted"": 56200}]","[[45, 5], [3, 47]]",22496,/models/4c468ad9-aa48-4691-90f2-54651adcecc7/lightgbm_f88f3b14-58a6-4e0a-b9d6-dd91a36ab55b.pkl,True,marketing,2025-09-21 13:50:48.728069
d14b78e8-a3ee-4c20-94be-94c13260fa29,4c468ad9-aa48-4691-90f2-54651adcecc7,EduLearn - PROPHET Analysis,20c64127-ec14-41f2-8b80-50478359b480,prophet,timeseries,completed,,"[""orders"", ""visits"", ""marketing_spend"", ""leads""]","{""seasonality_mode"": ""multiplicative""}",accurate,"{""mape"": 0.0703, ""rmse"": 13103.89}","{""marketing_spend"": 0.35, ""visits"": 0.28, ""orders"": 0.22, ""leads"": 0.15}","[{""actual"": 50000, ""predicted"": 48500}, {""actual"": 55000, ""predicted"": 56200}]",,15708,/models/4c468ad9-aa48-4691-90f2-54651adcecc7/prophet_698e412b-a878-4890-a0f2-9d97fc7e19c9.pkl,False,sales,2025-10-20 13:50:48.728091
3627c15f-8454-446d-acac-fa7b68786a3d,4c468ad9-aa48-4691-90f2-54651adcecc7,EduLearn - KMEANS Analysis,20c64127-ec14-41f2-8b80-50478359b480,kmeans,clustering,completed,,"[""orders"", ""visits"", ""marketing_spend"", ""leads""]","{""n_clusters"": 4, ""init"": ""k-means++""}",balanced,"{""silhouette_score"": 0.7469, ""n_clusters"": 5}","{""marketing_spend"": 0.35, ""visits"": 0.28, ""orders"": 0.22, ""leads"": 0.15}","[{""actual"": 50000, ""predicted"": 48500}, {""actual"": 55000, ""predicted"": 56200}]",,50099,/models/4c468ad9-aa48-4691-90f2-54651adcecc7/kmeans_91639eae-a708-4dc7-beb4-8bc4fc0ba444.pkl,True,customers,2025-09-11 13:50:48.728113
f6808239-f767-417b-acbb-3530a4ac486e,4c468ad9-aa48-4691-90f2-54651adcecc7,EduLearn - RANDOM_FOREST Analysis,20c64127-ec14-41f2-8b80-50478359b480,random_forest,regression,completed,revenue,"[""orders"", ""visits"", ""marketing_spend"", ""leads""]","{""n_estimators"": 300, ""max_depth"": 15}",balanced,"{""r2_score"": 0.9264, ""rmse"": 12760.0, ""mae"": 4603.34}","{""marketing_spend"": 0.35, ""visits"": 0.28, ""orders"": 0.22, ""leads"": 0.15}","[{""actual"": 50000, ""predicted"": 48500}, {""actual"": 55000, ""predicted"": 56200}]",,7103,/models/4c468ad9-aa48-4691-90f2-54651adcecc7/random_forest_cb7e638f-94f8-4494-a81d-9f719fc64cc6.pkl,False,finance,2025-10-17 13:50:48.728138
3a0f035f-3bb8-4847-9cc6-6d6b3503fb7d,4c468ad9-aa48-4691-90f2-54651adcecc7,Global Imports - XGBOOST Analysis,363a33a7-cd17-47cb-b626-5d5864cfc2e1,xgboost,regression,completed,revenue,"[""orders"", ""visits"", ""marketing_spend"", ""leads""]","{""n_estimators"": 300, ""learning_rate"": 0.05, ""max_depth"": 6}",balanced,"{""r2_score"": 0.8099, ""rmse"": 14131.36, ""mae"": 6970.26}","{""marketing_spend"": 0.35, ""visits"": 0.28, ""orders"": 0.22, ""leads"": 0.15}","[{""actual"": 50000, ""predicted"": 48500}, {""actual"": 55000, ""predicted"": 56200}]",,52049,/models/4c468ad9-aa48-4691-90f2-54651adcecc7/xgboost_f6754f42-8fa5-49c1-b257-d58f63a2ca4b.pkl,False,sales,2025-11-10 13:50:48.728177
1a559f39-d815-4dbe-b9ef-ddac8419cfc2,4c468ad9-aa48-4691-90f2-54651adcecc7,Global Imports - LIGHTGBM Analysis,363a33a7-cd17-47cb-b626-5d5864cfc2e1,lightgbm,classification,completed,churn,"[""orders"", ""visits"", ""marketing_spend"", ""leads""]","{""num_leaves"": 63, ""learning_rate"": 0.05}",accurate,"{""accuracy"": 0.8949, ""precision"": 0.9062, ""recall"": 0.8571, ""f1"": 0.8329}","{""marketing_spend"": 0.35, ""visits"": 0.28, ""orders"": 0.22, ""leads"": 0.15}","[{""actual"": 50000, ""predicted"": 48500}, {""actual"": 55000, ""predicted"": 56200}]","[[45, 5], [3, 47]]",14150,/models/4c468ad9-aa48-4691-90f2-54651adcecc7/lightgbm_55f34b89-df97-4002-923d-b9fca4afa582.pkl,True,marketing,2025-09-27 13:50:48.728204
6c18c402-d2a4-48cd-b1ed-5e800c74d54b,4c468ad9-aa48-4691-90f2-54651adcecc7,Global Imports - PROPHET Analysis,363a33a7-cd17-47cb-b626-5d5864cfc2e1,prophet,timeseries,completed,,"[""orders"", ""visits"", ""marketing_spend"", ""leads""]","{""seasonality_mode"": ""multiplicative""}",accurate,"{""mape"": 0.0758, ""rmse"": 12092.1}","{""marketing_spend"": 0.35, ""visits"": 0.28, ""orders"": 0.22, ""leads"": 0.15}","[{""actual"": 50000, ""predicted"": 48500}, {""actual"": 55000, ""predicted"": 56200}]",,43242,/models/4c468ad9-aa48-4691-90f2-54651adcecc7/prophet_56963dae-80af-43ba-b284-6c9d6dd1c559.pkl,False,sales,2025-10-22 13:50:48.728226
deac9a2c-b753-4a6b-be0e-6d997c59a979,4c468ad9-aa48-4691-90f2-54651adcecc7,Global Imports - KMEANS Analysis,363a33a7-cd17-47cb-b626-5d5864cfc2e1,kmeans,clustering,completed,,"[""orders"", ""visits"", ""marketing_spend"", ""leads""]","{""n_clusters"": 4, ""init"": ""k-means++""}",fast,"{""silhouette_score"": 0.7492, ""n_clusters"": 3}","{""marketing_spend"": 0.35, ""visits"": 0.28, ""orders"": 0.22, ""leads"": 0.15}","[{""actual"": 50000, ""predicted"": 48500}, {""actual"": 55000, ""predicted"": 56200}]",,38392,/models/4c468ad9-aa48-4691-90f2-54651adcecc7/kmeans_0fbf7e9d-54f6-4cc5-8787-d4f4e90d40fd.pkl,False,customers,2025-11-26 13:50:48.728255
eeb62b2a-1025-4831-bdf6-952ad1a458a8,4c468ad9-aa48-4691-90f2-54651adcecc7,Global Imports - RANDOM_FOREST Analysis,363a33a7-cd17-47cb-b626-5d5864cfc2e1,random_forest,regression,completed,revenue,"[""orders"", ""visits"", ""marketing_spend"", ""leads""]","{""n_estimators"": 300, ""max_depth"": 15}",fast,"{""r2_score"": 0.9292, ""rmse"": 6528.41, ""mae"": 4119.87}","{""marketing_spend"": 0.35, ""visits"": 0.28, ""orders"": 0.22, ""leads"": 0.15}","[{""actual"": 50000, ""predicted"": 48500}, {""actual"": 55000, ""predicted"": 56200}]",,49596,/models/4c468ad9-aa48-4691-90f2-54651adcecc7/random_forest_a258def6-4843-4b77-8c33-6195336f9373.pkl,False,finance,2025-09-22 13:50:48.728278
545683bf-57a0-46f0-96ae-ee396b5299de,4c468ad9-aa48-4691-90f2-54651adcecc7,EcoFriendly Corp - XGBOOST Analysis,f465f20d-6a3e-472c-8c22-60af82850fed,xgboost,regression,completed,revenue,"[""orders"", ""visits"", ""marketing_spend"", ""leads""]","{""n_estimators"": 300, ""learning_rate"": 0.05, ""max_depth"": 6}",fast,"{""r2_score"": 0.8577, ""rmse"": 10958.88, ""mae"": 6276.35}","{""marketing_spend"": 0.35, ""visits"": 0.28, ""orders"": 0.22, ""leads"": 0.15}","[{""actual"": 50000, ""predicted"": 48500}, {""actual"": 55000, ""predicted"": 56200}]",,21476,/models/4c468ad9-aa48-4691-90f2-54651adcecc7/xgboost_31fff752-7886-4846-b220-b3f693944879.pkl,True,sales,2025-09-11 13:50:48.728309
cb4d21f6-283e-4095-b129-3406a75f3abd,4c468ad9-aa48-4691-90f2-54651adcecc7,EcoFriendly Corp - LIGHTGBM Analysis,f465f20d-6a3e-472c-8c22-60af82850fed,lightgbm,classification,completed,churn,"[""orders"", ""visits"", ""marketing_spend"", ""leads""]","{""num_leaves"": 63, ""learning_rate"": 0.05}",accurate,"{""accuracy"": 0.8603, ""precision"": 0.9062, ""recall"": 0.8701, ""f1"": 0.8892}","{""marketing_spend"": 0.35, ""visits"": 0.28, ""orders"": 0.22, ""leads"": 0.15}","[{""actual"": 50000, ""predicted"": 48500}, {""actual"": 55000, ""predicted"": 56200}]","[[45, 5], [3, 47]]",27293,/models/4c468ad9-aa48-4691-90f2-54651adcecc7/lightgbm_5967642c-39c8-41ba-b591-4c546fbbcb68.pkl,True,marketing,2025-10-31 13:50:48.728333
d412645b-5237-46d1-b61d-3fc81c382a72,4c468ad9-aa48-4691-90f2-54651adcecc7,EcoFriendly Corp - PROPHET Analysis,f465f20d-6a3e-472c-8c22-60af82850fed,prophet,timeseries,completed,,"[""orders"", ""visits"", ""marketing_spend"", ""leads""]","{""seasonality_mode"": ""multiplicative""}",balanced,"{""mape"": 0.0695, ""rmse"": 8022.72}","{""marketing_spend"": 0.35, ""visits"": 0.28, ""orders"": 0.22, ""leads"": 0.15}","[{""actual"": 50000, ""predicted"": 48500}, {""actual"": 55000, ""predicted"": 56200}]",,52323,/models/4c468ad9-aa48-4691-90f2-54651adcecc7/prophet_d544aea1-5d85-48ca-a029-8b2e68dd3c30.pkl,False,sales,2025-10-04 13:50:48.728356
7e8a1213-f6c6-4fe3-9cbf-1392d55c2468,4c468ad9-aa48-4691-90f2-54651adcecc7,EcoFriendly Corp - KMEANS Analysis,f465f20d-6a3e-472c-8c22-60af82850fed,kmeans,clustering,completed,,"[""orders"", ""visits"", ""marketing_spend"", ""leads""]","{""n_clusters"": 4, ""init"": ""k-means++""}",fast,"{""silhouette_score"": 0.6023, ""n_clusters"": 3}","{""marketing_spend"": 0.35, ""visits"": 0.28, ""orders"": 0.22, ""leads"": 0.15}","[{""actual"": 50000, ""predicted"": 48500}, {""actual"": 55000, ""predicted"": 56200}]",,45979,/models/4c468ad9-aa48-4691-90f2-54651adcecc7/kmeans_d200c82b-e4ef-4f96-84c7-9526ef712f61.pkl,False,customers,2025-09-17 13:50:48.728386
ecf8eb50-6673-40ee-a140-769198029482,4c468ad9-aa48-4691-90f2-54651adcecc7,EcoFriendly Corp - RANDOM_FOREST Analysis,f465f20d-6a3e-472c-8c22-60af82850fed,random_forest,regression,completed,revenue,"[""orders"", ""visits"", ""marketing_spend"", ""leads""]","{""n_estimators"": 300, ""max_depth"": 15}",accurate,"{""r2_score"": 0.8913, ""rmse"": 6528.39, ""mae"": 8337.58}","{""marketing_spend"": 0.35, ""visits"": 0.28, ""orders"": 0.22, ""leads"": 0.15}","[{""actual"": 50000, ""predicted"": 48500}, {""actual"": 55000, ""predicted"": 56200}]",,40348,/models/4c468ad9-aa48-4691-90f2-54651adcecc7/random_forest_e8b21213-d151-469e-864b-b8770aa8b92a.pkl,True,finance,2025-09-22 13:50:48.728408
0d7c8f71-eb44-4985-9544-e0062fe27738,4c468ad9-aa48-4691-90f2-54651adcecc7,FastLogistics - XGBOOST Analysis,7b9e40bf-68bc-44b1-bb49-04297a46cada,xgboost,regression,completed,revenue,"[""orders"", ""visits"", ""marketing_spend"", ""leads""]","{""n_estimators"": 300, ""learning_rate"": 0.05, ""max_depth"": 6}",balanced,"{""r2_score"": 0.8733, ""rmse"": 6118.68, ""mae"": 5540.87}","{""marketing_spend"": 0.35, ""visits"": 0.28, ""orders"": 0.22, ""leads"": 0.15}","[{""actual"": 50000, ""predicted"": 48500}, {""actual"": 55000, ""predicted"": 56200}]",,59504,/models/4c468ad9-aa48-4691-90f2-54651adcecc7/xgboost_d8e0f276-773b-4f1f-9155-43cb9078af27.pkl,False,sales,2025-11-07 13:50:48.728431
8c167a83-ac9a-44e4-9cc5-97302f53fb97,4c468ad9-aa48-4691-90f2-54651adcecc7,FastLogistics - LIGHTGBM Analysis,7b9e40bf-68bc-44b1-bb49-04297a46cada,lightgbm,classification,completed,churn,"[""orders"", ""visits"", ""marketing_spend"", ""leads""]","{""num_leaves"": 63, ""learning_rate"": 0.05}",fast,"{""accuracy"": 0.8717, ""precision"": 0.8681, ""recall"": 0.7895, ""f1"": 0.8859}","{""marketing_spend"": 0.35, ""visits"": 0.28, ""orders"": 0.22, ""leads"": 0.15}","[{""actual"": 50000, ""predicted"": 48500}, {""actual"": 55000, ""predicted"": 56200}]","[[45, 5], [3, 47]]",58478,/models/4c468ad9-aa48-4691-90f2-54651adcecc7/lightgbm_dc868216-a40a-49dd-b8b0-aacf8adf3426.pkl,True,marketing,2025-09-30 13:50:48.728457
4d1ff1ce-8b6e-4cf6-8c67-717ba332d72d,4c468ad9-aa48-4691-90f2-54651adcecc7,FastLogistics - PROPHET Analysis,7b9e40bf-68bc-44b1-bb49-04297a46cada,prophet,timeseries,completed,,"[""orders"", ""visits"", ""marketing_spend"", ""leads""]","{""seasonality_mode"": ""multiplicative""}",fast,"{""mape"": 0.0677, ""rmse"": 11326.98}","{""marketing_spend"": 0.35, ""visits"": 0.28, ""orders"": 0.22, ""leads"": 0.15}","[{""actual"": 50000, ""predicted"": 48500}, {""actual"": 55000, ""predicted"": 56200}]",,41031,/models/4c468ad9-aa48-4691-90f2-54651adcecc7/prophet_7f4d08d8-16e7-4411-878f-eb5f05d580cc.pkl,True,sales,2025-11-04 13:50:48.728506
d145ff4b-f06e-4675-a7f5-f424cca16924,4c468ad9-aa48-4691-90f2-54651adcecc7,FastLogistics - KMEANS Analysis,7b9e40bf-68bc-44b1-bb49-04297a46cada,kmeans,clustering,completed,,"[""orders"", ""visits"", ""marketing_spend"", ""leads""]","{""n_clusters"": 4, ""init"": ""k-means++""}",accurate,"{""silhouette_score"": 0.7117, ""n_clusters"": 4}","{""marketing_spend"": 0.35, ""visits"": 0.28, ""orders"": 0.22, ""leads"": 0.15}","[{""actual"": 50000, ""predicted"": 48500}, {""actual"": 55000, ""predicted"": 56200}]",,18880,/models/4c468ad9-aa48-4691-90f2-54651adcecc7/kmeans_fb6500f0-fdca-4419-b9a6-5ef909b06e5d.pkl,True,customers,2025-10-29 13:50:48.728535
694c0ff4-68ab-4624-8790-c93c4d7a8632,4c468ad9-aa48-4691-90f2-54651adcecc7,FastLogistics - RANDOM_FOREST Analysis,7b9e40bf-68bc-44b1-bb49-04297a46cada,random_forest,regression,completed,revenue,"[""orders"", ""visits"", ""marketing_spend"", ""leads""]","{""n_estimators"": 300, ""max_depth"": 15}",balanced,"{""r2_score"": 0.9493, ""rmse"": 11498.78, ""mae"": 6066.7}","{""marketing_spend"": 0.35, ""visits"": 0.28, ""orders"": 0.22, ""leads"": 0.15}","[{""actual"": 50000, ""predicted"": 48500}, {""actual"": 55000, ""predicted"": 56200}]",,38919,/models/4c468ad9-aa48-4691-90f2-54651adcecc7/random_forest_eff5e737-782f-481d-a7b9-927370e916c1.pkl,False,finance,2025-11-22 13:50:48.728560
6b71db46-6b49-486d-bbb9-21f2fc7252d5,4c468ad9-aa48-4691-90f2-54651adcecc7,HealthPlus - XGBOOST Analysis,98f88aa1-91e8-474b-b755-47af228898ed,xgboost,regression,completed,revenue,"[""orders"", ""visits"", ""marketing_spend"", ""leads""]","{""n_estimators"": 300, ""learning_rate"": 0.05, ""max_depth"": 6}",fast,"{""r2_score"": 0.8337, ""rmse"": 8380.86, ""mae"": 7118.16}","{""marketing_spend"": 0.35, ""visits"": 0.28, ""orders"": 0.22, ""leads"": 0.15}","[{""actual"": 50000, ""predicted"": 48500}, {""actual"": 55000, ""predicted"": 56200}]",,20080,/models/4c468ad9-aa48-4691-90f2-54651adcecc7/xgboost_b5a7efed-6e37-4a59-aaa1-f1e3f2469ab8.pkl,True,sales,2025-12-07 13:50:48.728600
692064d8-b06a-4dba-bf2e-a8350014fa30,4c468ad9-aa48-4691-90f2-54651adcecc7,HealthPlus - LIGHTGBM Analysis,98f88aa1-91e8-474b-b755-47af228898ed,lightgbm,classification,completed,churn,"[""orders"", ""visits"", ""marketing_spend"", ""leads""]","{""num_leaves"": 63, ""learning_rate"": 0.05}",fast,"{""accuracy"": 0.9137, ""precision"": 0.8071, ""recall"": 0.7881, ""f1"": 0.8228}","{""marketing_spend"": 0.35, ""visits"": 0.28, ""orders"": 0.22, ""leads"": 0.15}","[{""actual"": 50000, ""predicted"": 48500}, {""actual"": 55000, ""predicted"": 56200}]","[[45, 5], [3, 47]]",26654,/models/4c468ad9-aa48-4691-90f2-54651adcecc7/lightgbm_df4050d4-5882-49dc-b7e9-b0ddbe834172.pkl,True,marketing,2025-10-03 13:50:48.728625
0fda7499-c3fc-46b6-b4b5-eab34c6d5082,4c468ad9-aa48-4691-90f2-54651adcecc7,HealthPlus - PROPHET Analysis,98f88aa1-91e8-474b-b755-47af228898ed,prophet,timeseries,completed,,"[""orders"", ""visits"", ""marketing_spend"", ""leads""]","{""seasonality_mode"": ""multiplicative""}",fast,"{""mape"": 0.0767, ""rmse"": 11397.9}","{""marketing_spend"": 0.35, ""visits"": 0.28, ""orders"": 0.22, ""leads"": 0.15}","[{""actual"": 50000, ""predicted"": 48500}, {""actual"": 55000, ""predicted"": 56200}]",,40339,/models/4c468ad9-aa48-4691-90f2-54651adcecc7/prophet_3f0b1d5e-2323-4c36-aabf-4297b4a238a9.pkl,True,sales,2025-09-25 13:50:48.728648
c8fbef86-1749-4c27-be3f-4d5cc1621f07,4c468ad9-aa48-4691-90f2-54651adcecc7,HealthPlus - KMEANS Analysis,98f88aa1-91e8-474b-b755-47af228898ed,kmeans,clustering,completed,,"[""orders"", ""visits"", ""marketing_spend"", ""leads""]","{""n_clusters"": 4, ""init"": ""k-means++""}",accurate,"{""silhouette_score"": 0.5918, ""n_clusters"": 4}","{""marketing_spend"": 0.35, ""visits"": 0.28, ""orders"": 0.22, ""leads"": 0.15}","[{""actual"": 50000, ""predicted"": 48500}, {""actual"": 55000, ""predicted"": 56200}]",,57920,/models/4c468ad9-aa48-4691-90f2-54651adcecc7/kmeans_adb061b0-7dae-4ded-838e-2e3a7b6cb257.pkl,False,customers,2025-11-13 13:50:48.728705
075ae4f4-52bd-473f-b9cd-eadf7ec8defc,4c468ad9-aa48-4691-90f2-54651adcecc7,HealthPlus - RANDOM_FOREST Analysis,98f88aa1-91e8-474b-b755-47af228898ed,random_forest,regression,completed,revenue,"[""orders"", ""visits"", ""marketing_spend"", ""leads""]","{""n_estimators"": 300, ""max_depth"": 15}",fast,"{""r2_score"": 0.8145, ""rmse"": 9310.51, ""mae"": 5965.05}","{""marketing_spend"": 0.35, ""visits"": 0.28, ""orders"": 0.22, ""leads"": 0.15}","[{""actual"": 50000, ""predicted"": 48500}, {""actual"": 55000, ""predicted"": 56200}]",,35606,/models/4c468ad9-aa48-4691-90f2-54651adcecc7/random_forest_46a25e66-1168-4ea4-9e97-59964ab809c2.pkl,True,finance,2025-09-12 13:50:48.728761
8efc0726-9286-44cc-b384-05b95fa98974,4c468ad9-aa48-4691-90f2-54651adcecc7,Ecommerce Brasil - XGBOOST Analysis,32865d09-b9f3-474d-a685-02038171d822,xgboost,regression,completed,revenue,"[""orders"", ""visits"", ""marketing_spend"", ""leads""]","{""n_estimators"": 300, ""learning_rate"": 0.05, ""max_depth"": 6}",accurate,"{""r2_score"": 0.9476, ""rmse"": 5984.18, ""mae"": 5818.35}","{""marketing_spend"": 0.35, ""visits"": 0.28, ""orders"": 0.22, ""leads"": 0.15}","[{""actual"": 50000, ""predicted"": 48500}, {""actual"": 55000, ""predicted"": 56200}]",,27236,/models/4c468ad9-aa48-4691-90f2-54651adcecc7/xgboost_1933d909-078c-4298-a4b1-991e73659da7.pkl,True,sales,2025-11-06 13:50:48.728839
b4484816-6766-4ea5-bd34-1191414a888a,4c468ad9-aa48-4691-90f2-54651adcecc7,Ecommerce Brasil - LIGHTGBM Analysis,32865d09-b9f3-474d-a685-02038171d822,lightgbm,classification,completed,churn,"[""orders"", ""visits"", ""marketing_spend"", ""leads""]","{""num_leaves"": 63, ""learning_rate"": 0.05}",fast,"{""accuracy"": 0.8671, ""precision"": 0.8538, ""recall"": 0.8306, ""f1"": 0.8451}","{""marketing_spend"": 0.35, ""visits"": 0.28, ""orders"": 0.22, ""leads"": 0.15}","[{""actual"": 50000, ""predicted"": 48500}, {""actual"": 55000, ""predicted"": 56200}]","[[45, 5], [3, 47]]",21371,/models/4c468ad9-aa48-4691-90f2-54651adcecc7/lightgbm_30f6640e-b145-421b-8e40-9d4110261f7d.pkl,True,marketing,2025-10-12 13:50:48.728876
68af54b0-0b7b-4b4b-a516-991b03504dcf,4c468ad9-aa48-4691-90f2-54651adcecc7,Ecommerce Brasil - PROPHET Analysis,32865d09-b9f3-474d-a685-02038171d822,prophet,timeseries,completed,,"[""orders"", ""visits"", ""marketing_spend"", ""leads""]","{""seasonality_mode"": ""multiplicative""}",accurate,"{""mape"": 0.0659, ""rmse"": 12565.01}","{""marketing_spend"": 0.35, ""visits"": 0.28, ""orders"": 0.22, ""leads"": 0.15}","[{""actual"": 50000, ""predicted"": 48500}, {""actual"": 55000, ""predicted"": 56200}]",,40427,/models/4c468ad9-aa48-4691-90f2-54651adcecc7/prophet_f6f4aaa4-74d0-4bb1-b872-8e7dae0c051c.pkl,True,sales,2025-11-26 13:50:48.728931
440027d2-c54c-4f76-b753-f79cf0a7381c,4c468ad9-aa48-4691-90f2-54651adcecc7,Ecommerce Brasil - KMEANS Analysis,32865d09-b9f3-474d-a685-02038171d822,kmeans,clustering,completed,,"[""orders"", ""visits"", ""marketing_spend"", ""leads""]","{""n_clusters"": 4, ""init"": ""k-means++""}",fast,"{""silhouette_score"": 0.4999, ""n_clusters"": 4}","{""marketing_spend"": 0.35, ""visits"": 0.28, ""orders"": 0.22, ""leads"": 0.15}","[{""actual"": 50000, ""predicted"": 48500}, {""actual"": 55000, ""predicted"": 56200}]",,36546,/models/4c468ad9-aa48-4691-90f2-54651adcecc7/kmeans_1b394e5f-a5f6-4c33-afed-036ada73d00a.pkl,True,customers,2025-10-17 13:50:48.728962
6536c806-1c9f-49f5-9975-a13be41f52d5,4c468ad9-aa48-4691-90f2-54651adcecc7,Ecommerce Brasil - RANDOM_FOREST Analysis,32865d09-b9f3-474d-a685-02038171d822,random_forest,regression,completed,revenue,"[""orders"", ""visits"", ""marketing_spend"", ""leads""]","{""n_estimators"": 300, ""max_depth"": 15}",fast,"{""r2_score"": 0.8247, ""rmse"": 5021.55, ""mae"": 5732.95}","{""marketing_spend"": 0.35, ""visits"": 0.28, ""orders"": 0.22, ""leads"": 0.15}","[{""actual"": 50000, ""predicted"": 48500}, {""actual"": 55000, ""predicted"": 56200}]",,56384,/models/4c468ad9-aa48-4691-90f2-54651adcecc7/random_forest_47d6e6d9-856a-49e7-ba31-8d76e73f5d22.pkl,False,finance,2025-11-01 13:50:48.728985
d659b5df-d1e6-4fb0-8a76-c1bc63050eb9,4c468ad9-aa48-4691-90f2-54651adcecc7,Dr. Silva Clínica - XGBOOST Analysis,2414661e-d6d1-4ef7-bfd5-6eb835a32e27,xgboost,regression,completed,revenue,"[""orders"", ""visits"", ""marketing_spend"", ""leads""]","{""n_estimators"": 300, ""learning_rate"": 0.05, ""max_depth"": 6}",balanced,"{""r2_score"": 0.9045, ""rmse"": 12305.05, ""mae"": 8483.53}","{""marketing_spend"": 0.35, ""visits"": 0.28, ""orders"": 0.22, ""leads"": 0.15}","[{""actual"": 50000, ""predicted"": 48500}, {""actual"": 55000, ""predicted"": 56200}]",,48376,/models/4c468ad9-aa48-4691-90f2-54651adcecc7/xgboost_15dafc7d-232a-4456-8b81-c231b5d4bd7d.pkl,False,sales,2025-11-18 13:50:48.729009
552a53fe-71e5-484b-8103-716f8fa45303,4c468ad9-aa48-4691-90f2-54651adcecc7,Dr. Silva Clínica - LIGHTGBM Analysis,2414661e-d6d1-4ef7-bfd5-6eb835a32e27,lightgbm,classification,completed,churn,"[""orders"", ""visits"", ""marketing_spend"", ""leads""]","{""num_leaves"": 63, ""learning_rate"": 0.05}",fast,"{""accuracy"": 0.8767, ""precision"": 0.9162, ""recall"": 0.8495, ""f1"": 0.8688}","{""marketing_spend"": 0.35, ""visits"": 0.28, ""orders"": 0.22, ""leads"": 0.15}","[{""actual"": 50000, ""predicted"": 48500}, {""actual"": 55000, ""predicted"": 56200}]","[[45, 5], [3, 47]]",54019,/models/4c468ad9-aa48-4691-90f2-54651adcecc7/lightgbm_65154327-bdd5-4ea6-999e-b62b58bd2dd2.pkl,False,marketing,2025-11-30 13:50:48.729041
f8ac18ab-fb55-4257-93f7-7a913b59713b,4c468ad9-aa48-4691-90f2-54651adcecc7,Dr. Silva Clínica - PROPHET Analysis,2414661e-d6d1-4ef7-bfd5-6eb835a32e27,prophet,timeseries,completed,,"[""orders"", ""visits"", ""marketing_spend"", ""leads""]","{""seasonality_mode"": ""multiplicative""}",fast,"{""mape"": 0.0951, ""rmse"": 11519.95}","{""marketing_spend"": 0.35, ""visits"": 0.28, ""orders"": 0.22, ""leads"": 0.15}","[{""actual"": 50000, ""predicted"": 48500}, {""actual"": 55000, ""predicted"": 56200}]",,39807,/models/4c468ad9-aa48-4691-90f2-54651adcecc7/prophet_66c7e7c0-f055-47e4-9085-bdbd91fbd2c6.pkl,True,sales,2025-11-30 13:50:48.729062
0087aa4d-7d7a-4c87-96e5-ce83adddae8e,4c468ad9-aa48-4691-90f2-54651adcecc7,Dr. Silva Clínica - KMEANS Analysis,2414661e-d6d1-4ef7-bfd5-6eb835a32e27,kmeans,clustering,completed,,"[""orders"", ""visits"", ""marketing_spend"", ""leads""]","{""n_clusters"": 4, ""init"": ""k-means++""}",accurate,"{""silhouette_score"": 0.474, ""n_clusters"": 3}","{""marketing_spend"": 0.35, ""visits"": 0.28, ""orders"": 0.22, ""leads"": 0.15}","[{""actual"": 50000, ""predicted"": 48500}, {""actual"": 55000, ""predicted"": 56200}]",,9490,/models/4c468ad9-aa48-4691-90f2-54651adcecc7/kmeans_9bb50682-4c72-4ec1-bdec-35d92e3e06ed.pkl,True,customers,2025-09-12 13:50:48.729085
48444136-69fa-4d82-b40a-a90927147a1b,4c468ad9-aa48-4691-90f2-54651adcecc7,Dr. Silva Clínica - RANDOM_FOREST Analysis,2414661e-d6d1-4ef7-bfd5-6eb835a32e27,random_forest,regression,completed,revenue,"[""orders"", ""visits"", ""marketing_spend"", ""leads""]","{""n_estimators"": 300, ""max_depth"": 15}",fast,"{""r2_score"": 0.8606, ""rmse"": 14415.96, ""mae"": 6987.73}","{""marketing_spend"": 0.35, ""visits"": 0.28, ""orders"": 0.22, ""leads"": 0.15}","[{""actual"": 50000, ""predicted"": 48500}, {""actual"": 55000, ""predicted"": 56200}]",,42940,/models/4c468ad9-aa48-4691-90f2-54651adcecc7/random_forest_5134d210-13ec-4eca-9382-b540836f0769.pkl,True,finance,2025-09-19 13:50:48.729107
615f77b3-6b66-4964-aeb9-d9a0a314fc01,4c468ad9-aa48-4691-90f2-54651adcecc7,TechCorp Soluções Ltda - XGBOOST Analysis,d4345e7c-4365-4c05-8750-926552ac028f,xgboost,regression,completed,revenue,"[""orders"", ""visits"", ""marketing_spend"", ""leads""]","{""n_estimators"": 300, ""learning_rate"": 0.05, ""max_depth"": 6}",fast,"{""r2_score"": 0.8629, ""rmse"": 10836.72, ""mae"": 6659.48}","{""marketing_spend"": 0.35, ""visits"": 0.28, ""orders"": 0.22, ""leads"": 0.15}","[{""actual"": 50000, ""predicted"": 48500}, {""actual"": 55000, ""predicted"": 56200}]",,22089,/models/4c468ad9-aa48-4691-90f2-54651adcecc7/xgboost_82e08718-5b10-41be-9635-78fe0305ab48.pkl,True,sales,2025-09-13 13:50:48.729130
661c04fa-ddbe-48d6-ab4b-8a76f452071d,4c468ad9-aa48-4691-90f2-54651adcecc7,TechCorp Soluções Ltda - LIGHTGBM Analysis,d4345e7c-4365-4c05-8750-926552ac028f,lightgbm,classification,completed,churn,"[""orders"", ""visits"", ""marketing_spend"", ""leads""]","{""num_leaves"": 63, ""learning_rate"": 0.05}",accurate,"{""accuracy"": 0.8783, ""precision"": 0.8319, ""recall"": 0.7957, ""f1"": 0.8781}","{""marketing_spend"": 0.35, ""visits"": 0.28, ""orders"": 0.22, ""leads"": 0.15}","[{""actual"": 50000, ""predicted"": 48500}, {""actual"": 55000, ""predicted"": 56200}]","[[45, 5], [3, 47]]",34964,/models/4c468ad9-aa48-4691-90f2-54651adcecc7/lightgbm_9ef2f2c7-6974-477a-821b-1abfae7d17ed.pkl,False,marketing,2025-11-28 13:50:48.729170
5083f6d0-df1e-44a8-bf2f-1434dae2c8d7,4c468ad9-aa48-4691-90f2-54651adcecc7,TechCorp Soluções Ltda - PROPHET Analysis,d4345e7c-4365-4c05-8750-926552ac028f,prophet,timeseries,completed,,"[""orders"", ""visits"", ""marketing_spend"", ""leads""]","{""seasonality_mode"": ""multiplicative""}",fast,"{""mape"": 0.0875, ""rmse"": 14989.18}","{""marketing_spend"": 0.35, ""visits"": 0.28, ""orders"": 0.22, ""leads"": 0.15}","[{""actual"": 50000, ""predicted"": 48500}, {""actual"": 55000, ""predicted"": 56200}]",,11552,/models/4c468ad9-aa48-4691-90f2-54651adcecc7/prophet_402dcdc6-0184-40a4-81b1-09f6e410c774.pkl,True,sales,2025-09-30 13:50:48.729192
1c86f981-f842-4579-9c8c-b8289eeadba2,4c468ad9-aa48-4691-90f2-54651adcecc7,TechCorp Soluções Ltda - KMEANS Analysis,d4345e7c-4365-4c05-8750-926552ac028f,kmeans,clustering,completed,,"[""orders"", ""visits"", ""marketing_spend"", ""leads""]","{""n_clusters"": 4, ""init"": ""k-means++""}",fast,"{""silhouette_score"": 0.6018, ""n_clusters"": 3}","{""marketing_spend"": 0.35, ""visits"": 0.28, ""orders"": 0.22, ""leads"": 0.15}","[{""actual"": 50000, ""predicted"": 48500}, {""actual"": 55000, ""predicted"": 56200}]",,27872,/models/4c468ad9-aa48-4691-90f2-54651adcecc7/kmeans_05e8a1fa-8fbd-49bf-a992-006f508e6bd8.pkl,True,customers,2025-11-06 13:50:48.729215
4f418ffd-76e2-4d72-8101-0243be3b5880,4c468ad9-aa48-4691-90f2-54651adcecc7,TechCorp Soluções Ltda - RANDOM_FOREST Analysis,d4345e7c-4365-4c05-8750-926552ac028f,random_forest,regression,completed,revenue,"[""orders"", ""visits"", ""marketing_spend"", ""leads""]","{""n_estimators"": 300, ""max_depth"": 15}",balanced,"{""r2_score"": 0.8427, ""rmse"": 9381.85, ""mae"": 6802.53}","{""marketing_spend"": 0.35, ""visits"": 0.28, ""orders"": 0.22, ""leads"": 0.15}","[{""actual"": 50000, ""predicted"": 48500}, {""actual"": 55000, ""predicted"": 56200}]",,24825,/models/4c468ad9-aa48-4691-90f2-54651adcecc7/random_forest_cbf88019-8058-43fb-84be-1a2719c4f23f.pkl,True,finance,2025-09-13 13:50:48.729237
8bf2aea6-a459-452f-81c9-887f40ca64cb,4c468ad9-aa48-4691-90f2-54651adcecc7,Padaria do João - XGBOOST Analysis,80d8617c-2df8-4155-8dcc-8511b7e1e732,xgboost,regression,completed,revenue,"[""orders"", ""visits"", ""marketing_spend"", ""leads""]","{""n_estimators"": 300, ""learning_rate"": 0.05, ""max_depth"": 6}",accurate,"{""r2_score"": 0.8449, ""rmse"": 11633.89, ""mae"": 9572.51}","{""marketing_spend"": 0.35, ""visits"": 0.28, ""orders"": 0.22, ""leads"": 0.15}","[{""actual"": 50000, ""predicted"": 48500}, {""actual"": 55000, ""predicted"": 56200}]",,13800,/models/4c468ad9-aa48-4691-90f2-54651adcecc7/xgboost_e9660a0c-0cc5-405a-b518-83cfd7996d38.pkl,False,sales,2025-11-23 13:50:48.729261
f6194c77-edb2-4a60-9a0b-260ede46b817,4c468ad9-aa48-4691-90f2-54651adcecc7,Padaria do João - LIGHTGBM Analysis,80d8617c-2df8-4155-8dcc-8511b7e1e732,lightgbm,classification,completed,churn,"[""orders"", ""visits"", ""marketing_spend"", ""leads""]","{""num_leaves"": 63, ""learning_rate"": 0.05}",fast,"{""accuracy"": 0.9168, ""precision"": 0.8187, ""recall"": 0.8138, ""f1"": 0.839}","{""marketing_spend"": 0.35, ""visits"": 0.28, ""orders"": 0.22, ""leads"": 0.15}","[{""actual"": 50000, ""predicted"": 48500}, {""actual"": 55000, ""predicted"": 56200}]","[[45, 5], [3, 47]]",27471,/models/4c468ad9-aa48-4691-90f2-54651adcecc7/lightgbm_be469b29-83d6-4bd2-8f0c-38fa14838df9.pkl,True,marketing,2025-09-11 13:50:48.729309
9790dede-9b6f-4c8f-b92b-7452c29f6022,4c468ad9-aa48-4691-90f2-54651adcecc7,Padaria do João - PROPHET Analysis,80d8617c-2df8-4155-8dcc-8511b7e1e732,prophet,timeseries,completed,,"[""orders"", ""visits"", ""marketing_spend"", ""leads""]","{""seasonality_mode"": ""multiplicative""}",accurate,"{""mape"": 0.1112, ""rmse"": 11537.86}","{""marketing_spend"": 0.35, ""visits"": 0.28, ""orders"": 0.22, ""leads"": 0.15}","[{""actual"": 50000, ""predicted"": 48500}, {""actual"": 55000, ""predicted"": 56200}]",,21457,/models/4c468ad9-aa48-4691-90f2-54651adcecc7/prophet_f60c692a-bb7f-49ce-a14d-d7c3e4edcf78.pkl,True,sales,2025-11-26 13:50:48.729349
eb1d5cb5-bb69-4154-bf7c-4e710c8f0700,4c468ad9-aa48-4691-90f2-54651adcecc7,Padaria do João - KMEANS Analysis,80d8617c-2df8-4155-8dcc-8511b7e1e732,kmeans,clustering,completed,,"[""orders"", ""visits"", ""marketing_spend"", ""leads""]","{""n_clusters"": 4, ""init"": ""k-means++""}",accurate,"{""silhouette_score"": 0.5771, ""n_clusters"": 4}","{""marketing_spend"": 0.35, ""visits"": 0.28, ""orders"": 0.22, ""leads"": 0.15}","[{""actual"": 50000, ""predicted"": 48500}, {""actual"": 55000, ""predicted"": 56200}]",,7889,/models/4c468ad9-aa48-4691-90f2-54651adcecc7/kmeans_01a74af8-f7fc-4a8a-a3b5-e5cc13606d43.pkl,True,customers,2025-10-26 13:50:48.729374
13e99681-04d8-4352-b8a4-7850f711ec9e,4c468ad9-aa48-4691-90f2-54651adcecc7,Padaria do João - RANDOM_FOREST Analysis,80d8617c-2df8-4155-8dcc-8511b7e1e732,random_forest,regression,completed,revenue,"[""orders"", ""visits"", ""marketing_spend"", ""leads""]","{""n_estimators"": 300, ""max_depth"": 15}",fast,"{""r2_score"": 0.8956, ""rmse"": 7619.55, ""mae"": 8188.62}","{""marketing_spend"": 0.35, ""visits"": 0.28, ""orders"": 0.22, ""leads"": 0.15}","[{""actual"": 50000, ""predicted"": 48500}, {""actual"": 55000, ""predicted"": 56200}]",,41154,/models/4c468ad9-aa48-4691-90f2-54651adcecc7/random_forest_7e667e57-9003-421d-8d3d-263e72ab6c49.pkl,False,finance,2025-09-27 13:50:48.729397
1d7c74f8-64f4-4417-a9b4-77e81e13761c,4c468ad9-aa48-4691-90f2-54651adcecc7,Ana Maria Silva (Consultoria) - XGBOOST Analysis,def47ec9-d868-440f-b7e8-0c4b2c3bdadb,xgboost,regression,completed,revenue,"[""orders"", ""visits"", ""marketing_spend"", ""leads""]","{""n_estimators"": 300, ""learning_rate"": 0.05, ""max_depth"": 6}",fast,"{""r2_score"": 0.8168, ""rmse"": 14450.51, ""mae"": 7837.14}","{""marketing_spend"": 0.35, ""visits"": 0.28, ""orders"": 0.22, ""leads"": 0.15}","[{""actual"": 50000, ""predicted"": 48500}, {""actual"": 55000, ""predicted"": 56200}]",,14768,/models/4c468ad9-aa48-4691-90f2-54651adcecc7/xgboost_f335ca4d-4103-4a1e-8417-5166d9ea283d.pkl,True,sales,2025-10-21 13:50:48.729420
e3658fb5-2f3b-494f-93eb-992c05d93c72,4c468ad9-aa48-4691-90f2-54651adcecc7,Ana Maria Silva (Consultoria) - LIGHTGBM Analysis,def47ec9-d868-440f-b7e8-0c4b2c3bdadb,lightgbm,classification,completed,churn,"[""orders"", ""visits"", ""marketing_spend"", ""leads""]","{""num_leaves"": 63, ""learning_rate"": 0.05}",accurate,"{""accuracy"": 0.8997, ""precision"": 0.8516, ""recall"": 0.785, ""f1"": 0.8528}","{""marketing_spend"": 0.35, ""visits"": 0.28, ""orders"": 0.22, ""leads"": 0.15}","[{""actual"": 50000, ""predicted"": 48500}, {""actual"": 55000, ""predicted"": 56200}]","[[45, 5], [3, 47]]",57174,/models/4c468ad9-aa48-4691-90f2-54651adcecc7/lightgbm_9d844e3f-720c-4f3e-909f-c9389b330cd1.pkl,True,marketing,2025-10-23 13:50:48.729467
f4d829db-ad4a-465c-bd62-ccae0881aca8,4c468ad9-aa48-4691-90f2-54651adcecc7,Ana Maria Silva (Consultoria) - PROPHET Analysis,def47ec9-d868-440f-b7e8-0c4b2c3bdadb,prophet,timeseries,completed,,"[""orders"", ""visits"", ""marketing_spend"", ""leads""]","{""seasonality_mode"": ""multiplicative""}",fast,"{""mape"": 0.1009, ""rmse"": 12668.53}","{""marketing_spend"": 0.35, ""visits"": 0.28, ""orders"": 0.22, ""leads"": 0.15}","[{""actual"": 50000, ""predicted"": 48500}, {""actual"": 55000, ""predicted"": 56200}]",,28178,/models/4c468ad9-aa48-4691-90f2-54651adcecc7/prophet_b5a1acf9-2287-466f-bdda-06425e7982e6.pkl,False,sales,2025-09-19 13:50:48.729522
7e1e68cf-cd6b-487b-b274-54324b26acf3,4c468ad9-aa48-4691-90f2-54651adcecc7,Ana Maria Silva (Consultoria) - KMEANS Analysis,def47ec9-d868-440f-b7e8-0c4b2c3bdadb,kmeans,clustering,completed,,"[""orders"", ""visits"", ""marketing_spend"", ""leads""]","{""n_clusters"": 4, ""init"": ""k-means++""}",accurate,"{""silhouette_score"": 0.4964, ""n_clusters"": 3}","{""marketing_spend"": 0.35, ""visits"": 0.28, ""orders"": 0.22, ""leads"": 0.15}","[{""actual"": 50000, ""predicted"": 48500}, {""actual"": 55000, ""predicted"": 56200}]",,15649,/models/4c468ad9-aa48-4691-90f2-54651adcecc7/kmeans_2fdd57ab-ea9f-4dfb-b4dd-c32a4ac623e3.pkl,True,customers,2025-10-16 13:50:48.729554
9a5d469e-b062-4c76-8bc3-6f85a8960abf,4c468ad9-aa48-4691-90f2-54651adcecc7,Ana Maria Silva (Consultoria) - RANDOM_FOREST Analysis,def47ec9-d868-440f-b7e8-0c4b2c3bdadb,random_forest,regression,completed,revenue,"[""orders"", ""visits"", ""marketing_spend"", ""leads""]","{""n_estimators"": 300, ""max_depth"": 15}",fast,"{""r2_score"": 0.8269, ""rmse"": 14244.87, ""mae"": 8476.71}","{""marketing_spend"": 0.35, ""visits"": 0.28, ""orders"": 0.22, ""leads"": 0.15}","[{""actual"": 50000, ""predicted"": 48500}, {""actual"": 55000, ""predicted"": 56200}]",,31982,/models/4c468ad9-aa48-4691-90f2-54651adcecc7/random_forest_4089ce26-d9f8-4049-b7d4-e361d2169f13.pkl,True,finance,2025-11-03 13:50:48.729606
